Compressed, Min, Mean, Max
0, 0, 0, 0
1, 1, 1, 1
2, 2, 2, 2
3, 3, 3, 3
4, 4, 4, 4
5, 5, 5, 5
6, 6, 6, 6
7, 7, 7, 7
8, 8, 8, 8
9, 9, 9, 9
10, 10, 10, 10
11, 11, 11, 11
12, 12, 12, 12
13, 13, 13, 13
14, 14, 14, 14
15, 15, 15, 15
16, 16, 16, 16
17, 17, 17, 17
18, 18, 18, 18
19, 19, 19, 19
20, 20, 20, 20
21, 21, 21, 21
22, 22, 22, 22
23, 23, 23, 23
24, 24, 24, 24
25, 25, 25, 25
26, 26, 26, 26
27, 27, 27, 27
28, 28, 28, 28
29, 29, 29, 29
30, 30, 30, 30
31, 31, 31, 31
32, 32, 32, 32
33, 33, 33, 33
34, 34, 34, 34
35, 35, 35, 35
36, 36, 36, 36
37, 37, 37, 37
38, 38, 38, 38
39, 39, 39, 39
40, 40, 40, 40
41, 41, 41, 41
42, 42, 42, 42
43, 43, 43, 43
44, 44, 44, 44
45, 45, 45, 45
46, 46, 46, 46
47, 47, 47, 47
48, 48, 48, 48
49, 49, 49, 49
50, 50, 50, 50
51, 51, 51, 51
52, 52, 52, 52
53, 53, 53, 53
54, 54, 54, 54
55, 55, 55, 55
56, 56, 56, 56
57, 57, 57, 57
58, 58, 58, 58
59, 59, 59, 59
60, 60, 60, 60
61, 61, 61, 61
62, 62, 62, 62
63, 63, 63, 63
64, 64, 64, 64
65, 65, 65, 65
66, 66, 66, 66
67, 67, 67, 67
68, 68, 68, 68
69, 69, 69, 69
70, 70, 70, 70
71, 71, 71, 71
72, 72, 72, 72
73, 73, 73, 73
74, 74, 74, 74
75, 75, 75, 75
76, 76, 76, 76
77, 77, 77, 77
78, 78, 78, 78
79, 79, 79, 79
80, 80, 80, 80
81, 81, 81, 81
82, 82, 82, 82
83, 83, 83, 83
84, 84, 84, 84
85, 85, 85, 85
86, 86, 86, 86
87, 87, 87, 87
88, 88, 88, 88
89, 89, 89, 89
90, 90, 90, 90
91, 91, 91, 91
92, 92, 92, 92
93, 93, 93, 93
94, 94, 94, 94
95, 95, 95, 95
96, 96, 96, 96
97, 97, 97, 97
98, 98, 98, 98
99, 99, 99, 99
100, 100, 100, 100
101, 101, 101, 101
102, 102, 102, 102
103, 103, 103, 103
104, 104, 104, 104
105, 105, 105, 105
106, 106, 106, 106
107, 107, 107, 107
108, 108, 108, 108
109, 109, 109, 109
110, 110, 110, 110
111, 111, 111, 111
112, 112, 112, 112
113, 113, 113, 113
114, 114, 114, 114
115, 115, 115, 115
116, 116, 116, 116
117, 117, 117, 117
118, 118, 118, 118
119, 119, 119, 119
120, 120, 120, 120
121, 121, 121, 121
122, 122, 122, 122
123, 123, 123, 123
124, 124, 124, 124
125, 125, 125, 125
126, 126, 126, 126
127, 127, 127, 127
128, 128, 128, 128
129, 129, 129, 129
130, 130, 130, 130
131, 131, 131, 131
132, 132, 132, 132
133, 133, 133, 133
134, 134, 134, 134
135, 135, 135, 135
136, 136, 136, 136
137, 137, 137, 137
138, 138, 138, 138
139, 139, 139, 139
140, 140, 140, 140
141, 141, 141, 141
142, 142, 142, 142
143, 143, 143, 143
144, 144, 144, 144
145, 145, 145, 145
146, 146, 146, 146
147, 147, 147, 147
148, 148, 148, 148
149, 149, 149, 149
150, 150, 150, 150
151, 151, 151, 151
152, 152, 152, 152
153, 153, 153, 153
154, 154, 154, 154
155, 155, 155, 155
156, 156, 156, 156
157, 157, 157, 157
158, 158, 158, 158
159, 159, 159, 159
160, 160, 160, 160
161, 161, 161, 161
162, 162, 162, 162
163, 163, 163, 163
164, 164, 164, 164
165, 165, 165, 165
166, 166, 166, 166
167, 167, 167, 167
168, 168, 168, 168
169, 169, 169, 169
170, 170, 170, 170
171, 171, 171, 171
172, 172, 172, 172
173, 173, 173, 173
174, 174, 174, 174
175, 175, 175, 175
176, 176, 176, 176
177, 177, 177, 177
178, 178, 178, 178
179, 179, 179, 179
180, 180, 180, 180
181, 181, 181, 181
182, 182, 182, 182
183, 183, 183, 183
184, 184, 184, 184
185, 185, 185, 185
186, 186, 186, 186
187, 187, 187, 187
188, 188, 188, 188
189, 189, 189, 189
190, 190, 190, 190
191, 191, 191, 191
192, 192, 192, 192
193, 193, 193, 193
194, 194, 194, 194
195, 195, 195, 195
196, 196, 196, 196
197, 197, 197, 197
198, 198, 198, 198
199, 199, 199, 199
200, 200, 200, 200
201, 201, 201, 201
202, 202, 202, 202
203, 203, 203, 203
204, 204, 204, 204
205, 205, 205, 205
206, 206, 206, 206
207, 207, 207, 207
208, 208, 208, 208
209, 209, 209, 209
210, 210, 210, 210
211, 211, 211, 211
212, 212, 212, 212
213, 213, 213, 213
214, 214, 214, 214
215, 215, 215, 215
216, 216, 216, 216
217, 217, 217, 217
218, 218, 218, 218
219, 219, 219, 219
220, 220, 220, 220
221, 221, 221, 221
222, 222, 222, 222
223, 223, 223, 223
224, 224, 224, 224
225, 225, 225, 225
226, 226, 226, 226
227, 227, 227, 227
228, 228, 228, 228
229, 229, 229, 229
230, 230, 230, 230
231, 231, 231, 231
232, 232, 232, 232
233, 233, 233, 233
234, 234, 234, 234
235, 235, 235, 235
236, 236, 236, 236
237, 237, 237, 237
238, 238, 238, 238
239, 239, 239, 239
240, 240, 240, 240
241, 241, 241, 241
242, 242, 242, 242
243, 243, 243, 243
244, 244, 244, 244
245, 245, 245, 245
246, 246, 246, 246
247, 247, 247, 247
248, 248, 248, 248
249, 249, 249, 249
250, 250, 250, 250
251, 251, 251, 251
252, 252, 252, 252
253, 253, 253, 253
254, 254, 254, 254
255, 255, 255, 255
256, 256, 256, 256
257, 257, 257, 257
258, 258, 258, 258
259, 259, 259, 259
260, 260, 260, 260
261, 261, 261, 261
262, 262, 262, 262
263, 263, 263, 263
264, 264, 264, 264
265, 265, 265, 265
266, 266, 266, 266
267, 267, 267, 267
268, 268, 268, 268
269, 269, 269, 269
270, 270, 270, 270
271, 271, 271, 271
272, 272, 272, 272
273, 273, 273, 273
274, 274, 274, 274
275, 275, 275, 275
276, 276, 276, 276
277, 277, 277, 277
278, 278, 278, 278
279, 279, 279, 279
280, 280, 280, 280
281, 281, 281, 281
282, 282, 282, 282
283, 283, 283, 283
284, 284, 284, 284
285, 285, 285, 285
286, 286, 286, 286
287, 287, 287, 287
288, 288, 288, 288
289, 289, 289, 289
290, 290, 290, 290
291, 291, 291, 291
292, 292, 292, 292
293, 293, 293, 293
294, 294, 294, 294
295, 295, 295, 295
296, 296, 296, 296
297, 297, 297, 297
298, 298, 298, 298
299, 299, 299, 299
300, 300, 300, 300
301, 301, 301, 301
302, 302, 302, 302
303, 303, 303, 303
304, 304, 304, 304
305, 305, 305, 305
306, 306, 306, 306
307, 307, 307, 307
308, 308, 308, 308
309, 309, 309, 309
310, 310, 310, 310
311, 311, 311, 311
312, 312, 312, 312
313, 313, 313, 313
314, 314, 314, 314
315, 315, 315, 315
316, 316, 316, 316
317, 317, 317, 317
318, 318, 318, 318
319, 319, 319, 319
320, 320, 320, 320
321, 321, 321, 321
322, 322, 322, 322
323, 323, 323, 323
324, 324, 324, 324
325, 325, 325, 325
326, 326, 326, 326
327, 327, 327, 327
328, 328, 328, 328
329, 329, 329, 329
330, 330, 330, 330
331, 331, 331, 331
332, 332, 332, 332
333, 333, 333, 333
334, 334, 334, 334
335, 335, 335, 335
336, 336, 336, 336
337, 337, 337, 337
338, 338, 338, 338
339, 339, 339, 339
340, 340, 340, 340
341, 341, 341, 341
342, 342, 342, 342
343, 343, 343, 343
344, 344, 344, 344
345, 345, 345, 345
346, 346, 346, 346
347, 347, 347, 347
348, 348, 348, 348
349, 349, 349, 349
350, 350, 350, 350
351, 351, 351, 351
352, 352, 352, 352
353, 353, 353, 353
354, 354, 354, 354
355, 355, 355, 355
356, 356, 356, 356
357, 357, 357, 357
358, 358, 358, 358
359, 359, 359, 359
360, 360, 360, 360
361, 361, 361, 361
362, 362, 362, 362
363, 363, 363, 363
364, 364, 364, 364
365, 365, 365, 365
366, 366, 366, 366
367, 367, 367, 367
368, 368, 368, 368
369, 369, 369, 369
370, 370, 370, 370
371, 371, 371, 371
372, 372, 372, 372
373, 373, 373, 373
374, 374, 374, 374
375, 375, 375, 375
376, 376, 376, 376
377, 377, 377, 377
378, 378, 378, 378
379, 379, 379, 379
380, 380, 380, 380
381, 381, 381, 381
382, 382, 382, 382
383, 383, 383, 383
384, 384, 384, 384
385, 385, 385, 385
386, 386, 386, 386
387, 387, 387, 387
388, 388, 388, 388
389, 389, 389, 389
390, 390, 390, 390
391, 391, 391, 391
392, 392, 392, 392
393, 393, 393, 393
394, 394, 394, 394
395, 395, 395, 395
396, 396, 396, 396
397, 397, 397, 397
398, 398, 398, 398
399, 399, 399, 399
400, 400, 400, 400
401, 401, 401, 401
402, 402, 402, 402
403, 403, 403, 403
404, 404, 404, 404
405, 405, 405, 405
406, 406, 406, 406
407, 407, 407, 407
408, 408, 408, 408
409, 409, 409, 409
410, 410, 410, 410
411, 411, 411, 411
412, 412, 412, 412
413, 413, 413, 413
414, 414, 414, 414
415, 415, 415, 415
416, 416, 416, 416
417, 417, 417, 417
418, 418, 418, 418
419, 419, 419, 419
420, 420, 420, 420
421, 421, 421, 421
422, 422, 422, 422
423, 423, 423, 423
424, 424, 424, 424
425, 425, 425, 425
426, 426, 426, 426
427, 427, 427, 427
428, 428, 428, 428
429, 429, 429, 429
430, 430, 430, 430
431, 431, 431, 431
432, 432, 432, 432
433, 433, 433, 433
434, 434, 434, 434
435, 435, 435, 435
436, 436, 436, 436
437, 437, 437, 437
438, 438, 438, 438
439, 439, 439, 439
440, 440, 440, 440
441, 441, 441, 441
442, 442, 442, 442
443, 443, 443, 443
444, 444, 444, 444
445, 445, 445, 445
446, 446, 446, 446
447, 447, 447, 447
448, 448, 448, 448
449, 449, 449, 449
450, 450, 450, 450
451, 451, 451, 451
452, 452, 452, 452
453, 453, 453, 453
454, 454, 454, 454
455, 455, 455, 455
456, 456, 456, 456
457, 457, 457, 457
458, 458, 458, 458
459, 459, 459, 459
460, 460, 460, 460
461, 461, 461, 461
462, 462, 462, 462
463, 463, 463, 463
464, 464, 464, 464
465, 465, 465, 465
466, 466, 466, 466
467, 467, 467, 467
468, 468, 468, 468
469, 469, 469, 469
470, 470, 470, 470
471, 471, 471, 471
472, 472, 472, 472
473, 473, 473, 473
474, 474, 474, 474
475, 475, 475, 475
476, 476, 476, 476
477, 477, 477, 477
478, 478, 478, 478
479, 479, 479, 479
480, 480, 480, 480
481, 481, 481, 481
482, 482, 482, 482
483, 483, 483, 483
484, 484, 484, 484
485, 485, 485, 485
486, 486, 486, 486
487, 487, 487, 487
488, 488, 488, 488
489, 489, 489, 489
490, 490, 490, 490
491, 491, 491, 491
492, 492, 492, 492
493, 493, 493, 493
494, 494, 494, 494
495, 495, 495, 495
496, 496, 496, 496
497, 497, 497, 497
498, 498, 498, 498
499, 499, 499, 499
500, 500, 500, 500
501, 501, 501, 501
502, 502, 502, 502
503, 503, 503, 503
504, 504, 504, 504
505, 505, 505, 505
506, 506, 506, 506
507, 507, 507, 507
508, 508, 508, 508
509, 509, 509, 509
510, 510, 510, 510
511, 511, 511, 511
512, 512, 512, 512
513, 513, 513, 513
514, 514, 514, 514
515, 515, 515, 515
516, 516, 516, 516
517, 517, 517, 517
518, 518, 518, 518
519, 519, 519, 519
520, 520, 520, 520
521, 521, 521, 521
522, 522, 522, 522
523, 523, 523, 523
524, 524, 524, 524
525, 525, 525, 525
526, 526, 526, 526
527, 527, 527, 527
528, 528, 528, 528
529, 529, 529, 529
530, 530, 530, 530
531, 531, 531, 531
532, 532, 532, 532
533, 533, 533, 533
534, 534, 534, 534
535, 535, 535, 535
536, 536, 536, 536
537, 537, 537, 537
538, 538, 538, 538
539, 539, 539, 539
540, 540, 540, 540
541, 541, 541, 541
542, 542, 542, 542
543, 543, 543, 543
544, 544, 544, 544
545, 545, 545, 545
546, 546, 546, 546
547, 547, 547, 547
548, 548, 548, 548
549, 549, 549, 549
550, 550, 550, 550
551, 551, 551, 551
552, 552, 552, 552
553, 553, 553, 553
554, 554, 554, 554
555, 555, 555, 555
556, 556, 556, 556
557, 557, 557, 557
558, 558, 558, 558
559, 559, 559, 559
560, 560, 560, 560
561, 561, 561, 561
562, 562, 562, 562
563, 563, 563, 563
564, 564, 564, 564
565, 565, 565, 565
566, 566, 566, 566
567, 567, 567, 567
568, 568, 568, 568
569, 569, 569, 569
570, 570, 570, 570
571, 571, 571, 571
572, 572, 572, 572
573, 573, 573, 573
574, 574, 574, 574
575, 575, 575, 575
576, 576, 576, 576
577, 577, 577, 577
578, 578, 578, 578
579, 579, 579, 579
580, 580, 580, 580
581, 581, 581, 581
582, 582, 582, 582
583, 583, 583, 583
584, 584, 584, 584
585, 585, 585, 585
586, 586, 586, 586
587, 587, 587, 587
588, 588, 588, 588
589, 589, 589, 589
590, 590, 590, 590
591, 591, 591, 591
592, 592, 592, 592
593, 593, 593, 593
594, 594, 594, 594
595, 595, 595, 595
596, 596, 596, 596
597, 597, 597, 597
598, 598, 598, 598
599, 599, 599, 599
600, 600, 600, 600
601, 601, 601, 601
602, 602, 602, 602
603, 603, 603, 603
604, 604, 604, 604
605, 605, 605, 605
606, 606, 606, 606
607, 607, 607, 607
608, 608, 608, 608
609, 609, 609, 609
610, 610, 610, 610
611, 611, 611, 611
612, 612, 612, 612
613, 613, 613, 613
614, 614, 614, 614
615, 615, 615, 615
616, 616, 616, 616
617, 617, 617, 617
618, 618, 618, 618
619, 619, 619, 619
620, 620, 620, 620
621, 621, 621, 621
622, 622, 622, 622
623, 623, 623, 623
624, 624, 624, 624
625, 625, 625, 625
626, 626, 626, 626
627, 627, 627, 627
628, 628, 628, 628
629, 629, 629, 629
630, 630, 630, 630
631, 631, 631, 631
632, 632, 632, 632
633, 633, 633, 633
634, 634, 634, 634
635, 635, 635, 635
636, 636, 636, 636
637, 637, 637, 637
638, 638, 638, 638
639, 639, 639, 639
640, 640, 640, 640
641, 641, 641, 641
642, 642, 642, 642
643, 643, 643, 643
644, 644, 644, 644
645, 645, 645, 645
646, 646, 646, 646
647, 647, 647, 647
648, 648, 648, 648
649, 649, 649, 649
650, 650, 650, 650
651, 651, 651, 651
652, 652, 652, 652
653, 653, 653, 653
654, 654, 654, 654
655, 655, 655, 655
656, 656, 656, 656
657, 657, 657, 657
658, 658, 658, 658
659, 659, 659, 659
660, 660, 660, 660
661, 661, 661, 661
662, 662, 662, 662
663, 663, 663, 663
664, 664, 664, 664
665, 665, 665, 665
666, 666, 666, 666
667, 667, 667, 667
668, 668, 668, 668
669, 669, 669, 669
670, 670, 670, 670
671, 671, 671, 671
672, 672, 672, 672
673, 673, 673, 673
674, 674, 674, 674
675, 675, 675, 675
676, 676, 676, 676
677, 677, 677, 677
678, 678, 678, 678
679, 679, 679, 679
680, 680, 680, 680
681, 681, 681, 681
682, 682, 682, 682
683, 683, 683, 683
684, 684, 684, 684
685, 685, 685, 685
686, 686, 686, 686
687, 687, 687, 687
688, 688, 688, 688
689, 689, 689, 689
690, 690, 690, 690
691, 691, 691, 691
692, 692, 692, 692
693, 693, 693, 693
694, 694, 694, 694
695, 695, 695, 695
696, 696, 696, 696
697, 697, 697, 697
698, 698, 698, 698
699, 699, 699, 699
700, 700, 700, 700
701, 701, 701, 701
702, 702, 702, 702
703, 703, 703, 703
704, 704, 704, 704
705, 705, 705, 705
706, 706, 706, 706
707, 707, 707, 707
708, 708, 708, 708
709, 709, 709, 709
710, 710, 710, 710
711, 711, 711, 711
712, 712, 712, 712
713, 713, 713, 713
714, 714, 714, 714
715, 715, 715, 715
716, 716, 716, 716
717, 717, 717, 717
718, 718, 718, 718
719, 719, 719, 719
720, 720, 720, 720
721, 721, 721, 721
722, 722, 722, 722
723, 723, 723, 723
724, 724, 724, 724
725, 725, 725, 725
726, 726, 726, 726
727, 727, 727, 727
728, 728, 728, 728
729, 729, 729, 729
730, 730, 730, 730
731, 731, 731, 731
732, 732, 732, 732
733, 733, 733, 733
734, 734, 734, 734
735, 735, 735, 735
736, 736, 736, 736
737, 737, 737, 737
738, 738, 738, 738
739, 739, 739, 739
740, 740, 740, 740
741, 741, 741, 741
742, 742, 742, 742
743, 743, 743, 743
744, 744, 744, 744
745, 745, 745, 745
746, 746, 746, 746
747, 747, 747, 747
748, 748, 748, 748
749, 749, 749, 749
750, 750, 750, 750
751, 751, 751, 751
752, 752, 752, 752
753, 753, 753, 753
754, 754, 754, 754
755, 755, 755, 755
756, 756, 756, 756
757, 757, 757, 757
758, 758, 758, 758
759, 759, 759, 759
760, 760, 760, 760
761, 761, 761, 761
762, 762, 762, 762
763, 763, 763, 763
764, 764, 764, 764
765, 765, 765, 765
766, 766, 766, 766
767, 767, 767, 767
768, 768, 768, 768
769, 769, 769, 769
770, 770, 770, 770
771, 771, 771, 771
772, 772, 772, 772
773, 773, 773, 773
774, 774, 774, 774
775, 775, 775, 775
776, 776, 776, 777
777, 778, 778, 778
778, 779, 779, 779
779, 780, 780, 780
780, 781, 781, 781
781, 782, 782, 782
782, 783, 783, 783
783, 784, 784, 784
784, 785, 785, 785
785, 786, 786, 786
786, 787, 787, 787
787, 788, 788, 788
788, 789, 789, 789
789, 790, 790, 790
790, 791, 791, 791
791, 792, 792, 792
792, 793, 793, 793
793, 794, 794, 794
794, 795, 795, 795
795, 796, 796, 797
796, 798, 798, 798
797, 799, 799, 799
798, 800, 800, 800
799, 801, 801, 801
800, 802, 802, 802
801, 803, 803, 803
802, 804, 804, 804
803, 805, 805, 805
804, 806, 806, 806
805, 807, 807, 807
806, 808, 808, 808
807, 809, 809, 809
808, 810, 810, 810
809, 811, 812, 812
810, 813, 813, 813
811, 814, 814, 814
812, 815, 815, 815
813, 816, 816, 816
814, 817, 817, 817
815, 818, 818, 818
816, 819, 819, 819
817, 820, 820, 820
818, 821, 821, 821
819, 822, 822, 822
820, 823, 824, 824
821, 825, 825, 825
822, 826, 826, 826
823, 827, 827, 827
824, 828, 828, 828
825, 829, 829, 829
826, 830, 830, 830
827, 831, 831, 831
828, 832, 832, 832
829, 833, 834, 834
830, 835, 835, 835
831, 836, 836, 836
832, 837, 837, 837
833, 838, 838, 838
834, 839, 839, 839
835, 840, 840, 840
836, 841, 841, 841
837, 842, 842, 843
838, 844, 844, 844
839, 845, 845, 845
840, 846, 846, 846
841, 847, 847, 847
842, 848, 848, 848
843, 849, 849, 849
844, 850, 850, 850
845, 851, 852, 852
846, 853, 853, 853
847, 854, 854, 854
848, 855, 855, 855
849, 856, 856, 856
850, 857, 857, 857
851, 858, 858, 858
852, 859, 860, 860
853, 861, 861, 861
854, 862, 862, 862
855, 863, 863, 863
856, 864, 864, 864
857, 865, 865, 865
858, 866, 866, 867
859, 868, 868, 868
860, 869, 869, 869
861, 870, 870, 870
862, 871, 871, 871
863, 872, 872, 872
864, 873, 873, 873
865, 874, 874, 875
866, 876, 876, 876
867, 877, 877, 877
868, 878, 878, 878
869, 879, 879, 879
870, 880, 880, 881
871, 882, 882, 882
872, 883, 883, 883
873, 884, 884, 884
874, 885, 885, 885
875, 886, 886, 886
876, 887, 888, 888
877, 889, 889, 889
878, 890, 890, 890
879, 891, 891, 891
880, 892, 892, 892
881, 893, 894, 894
882, 895, 895, 895
883, 896, 896, 896
884, 897, 897, 897
885, 898, 898, 898
886, 899, 900, 900
887, 901, 901, 901
888, 902, 902, 902
889, 903, 903, 903
890, 904, 904, 904
891, 905, 906, 906
892, 907, 907, 907
893, 908, 908, 908
894, 909, 909, 909
895, 910, 910, 910
896, 911, 912, 912
897, 913, 913, 913
898, 914, 914, 914
899, 915, 915, 915
900, 916, 916, 917
901, 918, 918, 918
902, 919, 919, 919
903, 920, 920, 920
904, 921, 921, 921
905, 922, 922, 923
906, 924, 924, 924
907, 925, 925, 925
908, 926, 926, 926
909, 927, 928, 928
910, 929, 929, 929
911, 930, 930, 930
912, 931, 931, 931
913, 932, 932, 933
914, 934, 934, 934
915, 935, 935, 935
916, 936, 936, 936
917, 937, 938, 938
918, 939, 939, 939
919, 940, 940, 940
920, 941, 941, 941
921, 942, 942, 943
922, 944, 944, 944
923, 945, 945, 945
924, 946, 946, 946
925, 947, 948, 948
926, 949, 949, 949
927, 950, 950, 950
928, 951, 952, 952
929, 953, 953, 953
930, 954, 954, 954
931, 955, 955, 955
932, 956, 956, 957
933, 958, 958, 958
934, 959, 959, 959
935, 960, 960, 960
936, 961, 962, 962
937, 963, 963, 963
938, 964, 964, 964
939, 965, 966, 966
940, 967, 967, 967
941, 968, 968, 968
942, 969, 969, 969
943, 970, 970, 971
944, 972, 972, 972
945, 973, 973, 973
946, 974, 974, 975
947, 976, 976, 976
948, 977, 977, 977
949, 978, 978, 979
950, 980, 980, 980
951, 981, 981, 981
952, 982, 982, 983
953, 984, 984, 984
954, 985, 985, 985
955, 986, 986, 986
956, 987, 988, 988
957, 989, 989, 989
958, 990, 990, 990
959, 991, 992, 992
960, 993, 993, 993
961, 994, 994, 994
962, 995, 996, 996
963, 997, 997, 997
964, 998, 998, 998
965, 999, 1000, 1000
966, 1001, 1001, 1001
967, 1002, 1002, 1002
968, 1003, 1004, 1004
969, 1005, 1005, 1005
970, 1006, 1006, 1006
971, 1007, 1008, 1008
972, 1009, 1009, 1009
973, 1010, 1010, 1011
974, 1012, 1012, 1012
975, 1013, 1013, 1013
976, 1014, 1014, 1015
977, 1016, 1016, 1016
978, 1017, 1017, 1017
979, 1018, 1018, 1019
980, 1020, 1020, 1020
981, 1021, 1021, 1021
982, 1022, 1022, 1023
983, 1024, 1024, 1024
984, 1025, 1025, 1025
985, 1026, 1026, 1027
986, 1028, 1028, 1028
987, 1029, 1030, 1030
988, 1031, 1031, 1031
989, 1032, 1032, 1032
990, 1033, 1034, 1034
991, 1035, 1035, 1035
992, 1036, 1036, 1037
993, 1038, 1038, 1038
994, 1039, 1039, 1039
995, 1040, 1040, 1041
996, 1042, 1042, 1042
997, 1043, 1043, 1043
998, 1044, 1044, 1045
999, 1046, 1046, 1046
1000, 1047, 1048, 1048
1001, 1049, 1049, 1049
1002, 1050, 1050, 1050
1003, 1051, 1052, 1052
1004, 1053, 1053, 1053
1005, 1054, 1054, 1055
1006, 1056, 1056, 1056
1007, 1057, 1058, 1058
1008, 1059, 1059, 1059
1009, 1060, 1060, 1060
1010, 1061, 1062, 1062
1011, 1063, 1063, 1063
1012, 1064, 1064, 1065
1013, 1066, 1066, 1066
1014, 1067, 1067, 1067
1015, 1068, 1068, 1069
1016, 1070, 1070, 1070
1017, 1071, 1072, 1072
1018, 1073, 1073, 1073
1019, 1074, 1074, 1075
1020, 1076, 1076, 1076
1021, 1077, 1077, 1077
1022, 1078, 1078, 1079
1023, 1080, 1080, 1080
1024, 1081, 1082, 1082
1025, 1083, 1083, 1083
1026, 1084, 1084, 1085
1027, 1086, 1086, 1086
1028, 1087, 1088, 1088
1029, 1089, 1089, 1089
1030, 1090, 1090, 1091
1031, 1092, 1092, 1092
1032, 1093, 1093, 1093
1033, 1094, 1094, 1095
1034, 1096, 1096, 1096
1035, 1097, 1098, 1098
1036, 1099, 1099, 1099
1037, 1100, 1100, 1101
1038, 1102, 1102, 1102
1039, 1103, 1104, 1104
1040, 1105, 1105, 1105
1041, 1106, 1106, 1107
1042, 1108, 1108, 1108
1043, 1109, 1110, 1110
1044, 1111, 1111, 1111
1045, 1112, 1112, 1113
1046, 1114, 1114, 1114
1047, 1115, 1116, 1116
1048, 1117, 1117, 1117
1049, 1118, 1118, 1119
1050, 1120, 1120, 1120
1051, 1121, 1122, 1122
1052, 1123, 1123, 1123
1053, 1124, 1124, 1125
1054, 1126, 1126, 1126
1055, 1127, 1128, 1128
1056, 1129, 1129, 1129
1057, 1130, 1130, 1131
1058, 1132, 1132, 1132
1059, 1133, 1134, 1134
1060, 1135, 1135, 1135
1061, 1136, 1136, 1137
1062, 1138, 1138, 1138
1063, 1139, 1140, 1140
1064, 1141, 1141, 1141
1065, 1142, 1142, 1143
1066, 1144, 1144, 1144
1067, 1145, 1146, 1146
1068, 1147, 1147, 1147
1069, 1148, 1148, 1149
1070, 1150, 1150, 1150
1071, 1151, 1152, 1152
1072, 1153, 1154, 1154
1073, 1155, 1155, 1155
1074, 1156, 1156, 1157
1075, 1158, 1158, 1158
1076, 1159, 1160, 1160
1077, 1161, 1161, 1161
1078, 1162, 1162, 1163
1079, 1164, 1164, 1164
1080, 1165, 1166, 1166
1081, 1167, 1167, 1167
1082, 1168, 1168, 1169
1083, 1170, 1170, 1171
1084, 1172, 1172, 1172
1085, 1173, 1174, 1174
1086, 1175, 1175, 1175
1087, 1176, 1176, 1177
1088, 1178, 1178, 1178
1089, 1179, 1180, 1180
1090, 1181, 1182, 1182
1091, 1183, 1183, 1183
1092, 1184, 1184, 1185
1093, 1186, 1186, 1186
1094, 1187, 1188, 1188
1095, 1189, 1190, 1190
1096, 1191, 1191, 1191
1097, 1192, 1192, 1193
1098, 1194, 1194, 1194
1099, 1195, 1196, 1196
1100, 1197, 1198, 1198
1101, 1199, 1199, 1199
1102, 1200, 1200, 1201
1103, 1202, 1202, 1202
1104, 1203, 1204, 1204
1105, 1205, 1206, 1206
1106, 1207, 1207, 1207
1107, 1208, 1208, 1209
1108, 1210, 1210, 1210
1109, 1211, 1212, 1212
1110, 1213, 1214, 1214
1111, 1215, 1215, 1215
1112, 1216, 1216, 1217
1113, 1218, 1218, 1218
1114, 1219, 1220, 1220
1115, 1221, 1222, 1222
1116, 1223, 1223, 1223
1117, 1224, 1224, 1225
1118, 1226, 1226, 1227
1119, 1228, 1228, 1228
1120, 1229, 1230, 1230
1121, 1231, 1232, 1232
1122, 1233, 1233, 1233
1123, 1234, 1234, 1235
1124, 1236, 1236, 1237
1125, 1238, 1238, 1238
1126, 1239, 1240, 1240
1127, 1241, 1242, 1242
1128, 1243, 1243, 1243
1129, 1244, 1244, 1245
1130, 1246, 1246, 1247
1131, 1248, 1248, 1248
1132, 1249, 1250, 1250
1133, 1251, 1252, 1252
1134, 1253, 1253, 1253
1135, 1254, 1254, 1255
1136, 1256, 1256, 1257
1137, 1258, 1258, 1258
1138, 1259, 1260, 1260
1139, 1261, 1262, 1262
1140, 1263, 1263, 1263
1141, 1264, 1264, 1265
1142, 1266, 1266, 1267
1143, 1268, 1268, 1268
1144, 1269, 1270, 1270
1145, 1271, 1272, 1272
1146, 1273, 1273, 1273
1147, 1274, 1274, 1275
1148, 1276, 1276, 1277
1149, 1278, 1278, 1279
1150, 1280, 1280, 1280
1151, 1281, 1282, 1282
1152, 1283, 1284, 1284
1153, 1285, 1285, 1285
1154, 1286, 1286, 1287
1155, 1288, 1288, 1289
1156, 1290, 1290, 1291
1157, 1292, 1292, 1292
1158, 1293, 1294, 1294
1159, 1295, 1296, 1296
1160, 1297, 1298, 1298
1161, 1299, 1299, 1299
1162, 1300, 1300, 1301
1163, 1302, 1302, 1303
1164, 1304, 1304, 1304
1165, 1305, 1306, 1306
1166, 1307, 1308, 1308
1167, 1309, 1310, 1310
1168, 1311, 1311, 1311
1169, 1312, 1312, 1313
1170, 1314, 1314, 1315
1171, 1316, 1316, 1317
1172, 1318, 1318, 1318
1173, 1319, 1320, 1320
1174, 1321, 1322, 1322
1175, 1323, 1324, 1324
1176, 1325, 1326, 1326
1177, 1327, 1327, 1327
1178, 1328, 1328, 1329
1179, 1330, 1330, 1331
1180, 1332, 1332, 1333
1181, 1334, 1334, 1334
1182, 1335, 1336, 1336
1183, 1337, 1338, 1338
1184, 1339, 1340, 1340
1185, 1341, 1342, 1342
1186, 1343, 1343, 1343
1187, 1344, 1344, 1345
1188, 1346, 1346, 1347
1189, 1348, 1348, 1349
1190, 1350, 1350, 1351
1191, 1352, 1352, 1352
1192, 1353, 1354, 1354
1193, 1355, 1356, 1356
1194, 1357, 1358, 1358
1195, 1359, 1360, 1360
1196, 1361, 1361, 1361
1197, 1362, 1362, 1363
1198, 1364, 1364, 1365
1199, 1366, 1366, 1367
1200, 1368, 1368, 1369
1201, 1370, 1370, 1371
1202, 1372, 1372, 1372
1203, 1373, 1374, 1374
1204, 1375, 1376, 1376
1205, 1377, 1378, 1378
1206, 1379, 1380, 1380
1207, 1381, 1382, 1382
1208, 1383, 1383, 1383
1209, 1384, 1384, 1385
1210, 1386, 1386, 1387
1211, 1388, 1388, 1389
1212, 1390, 1390, 1391
1213, 1392, 1392, 1393
1214, 1394, 1394, 1395
1215, 1396, 1396, 1396
1216, 1397, 1398, 1398
1217, 1399, 1400, 1400
1218, 1401, 1402, 1402
1219, 1403, 1404, 1404
1220, 1405, 1406, 1406
1221, 1407, 1408, 1408
1222, 1409, 1410, 1410
1223, 1411, 1412, 1412
1224, 1413, 1413, 1413
1225, 1414, 1414, 1415
1226, 1416, 1416, 1417
1227, 1418, 1418, 1419
1228, 1420, 1420, 1421
1229, 1422, 1422, 1423
1230, 1424, 1424, 1425
1231, 1426, 1426, 1427
1232, 1428, 1428, 1429
1233, 1430, 1430, 1431
1234, 1432, 1432, 1432
1235, 1433, 1434, 1434
1236, 1435, 1436, 1436
1237, 1437, 1438, 1438
1238, 1439, 1440, 1440
1239, 1441, 1442, 1442
1240, 1443, 1444, 1444
1241, 1445, 1446, 1446
1242, 1447, 1448, 1448
1243, 1449, 1450, 1450
1244, 1451, 1452, 1452
1245, 1453, 1454, 1454
1246, 1455, 1456, 1456
1247, 1457, 1458, 1458
1248, 1459, 1459, 1459
1249, 1460, 1460, 1461
1250, 1462, 1462, 1463
1251, 1464, 1464, 1465
1252, 1466, 1466, 1467
1253, 1468, 1468, 1469
1254, 1470, 1470, 1471
1255, 1472, 1472, 1473
1256, 1474, 1474, 1475
1257, 1476, 1476, 1477
1258, 1478, 1478, 1479
1259, 1480, 1480, 1481
1260, 1482, 1482, 1483
1261, 1484, 1484, 1485
1262, 1486, 1486, 1487
1263, 1488, 1488, 1489
1264, 1490, 1490, 1491
1265, 1492, 1492, 1493
1266, 1494, 1494, 1495
1267, 1496, 1496, 1497
1268, 1498, 1498, 1499
1269, 1500, 1500, 1501
1270, 1502, 1502, 1503
1271, 1504, 1504, 1505
1272, 1506, 1506, 1507
1273, 1508, 1508, 1509
1274, 1510, 1510, 1511
1275, 1512, 1512, 1513
1276, 1514, 1514, 1515
1277, 1516, 1516, 1517
1278, 1518, 1518, 1519
1279, 1520, 1520, 1521
1280, 1522, 1522, 1523
1281, 1524, 1524, 1525
1282, 1526, 1526, 1527
1283, 1528, 1528, 1529
1284, 1530, 1530, 1531
1285, 1532, 1532, 1533
1286, 1534, 1535, 1536
1287, 1537, 1538, 1538
1288, 1539, 1540, 1540
1289, 1541, 1542, 1542
1290, 1543, 1544, 1544
1291, 1545, 1546, 1546
1292, 1547, 1548, 1548
1293, 1549, 1550, 1550
1294, 1551, 1552, 1552
1295, 1553, 1554, 1554
1296, 1555, 1556, 1556
1297, 1557, 1558, 1558
1298, 1559, 1560, 1560
1299, 1561, 1562, 1562
1300, 1563, 1564, 1565
1301, 1566, 1566, 1567
1302, 1568, 1568, 1569
1303, 1570, 1570, 1571
1304, 1572, 1572, 1573
1305, 1574, 1574, 1575
1306, 1576, 1576, 1577
1307, 1578, 1578, 1579
1308, 1580, 1580, 1581
1309, 1582, 1582, 1583
1310, 1584, 1585, 1586
1311, 1587, 1588, 1588
1312, 1589, 1590, 1590
1313, 1591, 1592, 1592
1314, 1593, 1594, 1594
1315, 1595, 1596, 1596
1316, 1597, 1598, 1598
1317, 1599, 1600, 1600
1318, 1601, 1602, 1603
1319, 1604, 1604, 1605
1320, 1606, 1606, 1607
1321, 1608, 1608, 1609
1322, 1610, 1610, 1611
1323, 1612, 1612, 1613
1324, 1614, 1615, 1616
1325, 1617, 1618, 1618
1326, 1619, 1620, 1620
1327, 1621, 1622, 1622
1328, 1623, 1624, 1624
1329, 1625, 1626, 1626
1330, 1627, 1628, 1629
1331, 1630, 1630, 1631
1332, 1632, 1632, 1633
1333, 1634, 1634, 1635
1334, 1636, 1636, 1637
1335, 1638, 1638, 1639
1336, 1640, 1641, 1642
1337, 1643, 1644, 1644
1338, 1645, 1646, 1646
1339, 1647, 1648, 1648
1340, 1649, 1650, 1650
1341, 1651, 1652, 1653
1342, 1654, 1654, 1655
1343, 1656, 1656, 1657
1344, 1658, 1658, 1659
1345, 1660, 1661, 1662
1346, 1663, 1664, 1664
1347, 1665, 1666, 1666
1348, 1667, 1668, 1668
1349, 1669, 1670, 1670
1350, 1671, 1672, 1673
1351, 1674, 1674, 1675
1352, 1676, 1676, 1677
1353, 1678, 1678, 1679
1354, 1680, 1681, 1682
1355, 1683, 1684, 1684
1356, 1685, 1686, 1686
1357, 1687, 1688, 1688
1358, 1689, 1690, 1691
1359, 1692, 1692, 1693
1360, 1694, 1694, 1695
1361, 1696, 1696, 1697
1362, 1698, 1699, 1700
1363, 1701, 1702, 1702
1364, 1703, 1704, 1704
1365, 1705, 1706, 1707
1366, 1708, 1708, 1709
1367, 1710, 1710, 1711
1368, 1712, 1712, 1713
1369, 1714, 1715, 1716
1370, 1717, 1718, 1718
1371, 1719, 1720, 1720
1372, 1721, 1722, 1723
1373, 1724, 1724, 1725
1374, 1726, 1726, 1727
1375, 1728, 1728, 1729
1376, 1730, 1731, 1732
1377, 1733, 1734, 1734
1378, 1735, 1736, 1736
1379, 1737, 1738, 1739
1380, 1740, 1740, 1741
1381, 1742, 1742, 1743
1382, 1744, 1745, 1746
1383, 1747, 1748, 1748
1384, 1749, 1750, 1750
1385, 1751, 1752, 1753
1386, 1754, 1754, 1755
1387, 1756, 1756, 1757
1388, 1758, 1759, 1760
1389, 1761, 1762, 1762
1390, 1763, 1764, 1765
1391, 1766, 1766, 1767
1392, 1768, 1768, 1769
1393, 1770, 1771, 1772
1394, 1773, 1774, 1774
1395, 1775, 1776, 1776
1396, 1777, 1778, 1779
1397, 1780, 1780, 1781
1398, 1782, 1782, 1783
1399, 1784, 1785, 1786
1400, 1787, 1788, 1788
1401, 1789, 1790, 1791
1402, 1792, 1792, 1793
1403, 1794, 1794, 1795
1404, 1796, 1797, 1798
1405, 1799, 1800, 1800
1406, 1801, 1802, 1803
1407, 1804, 1804, 1805
1408, 1806, 1806, 1807
1409, 1808, 1809, 1810
1410, 1811, 1812, 1812
1411, 1813, 1814, 1815
1412, 1816, 1816, 1817
1413, 1818, 1819, 1820
1414, 1821, 1822, 1822
1415, 1823, 1824, 1824
1416, 1825, 1826, 1827
1417, 1828, 1828, 1829
1418, 1830, 1831, 1832
1419, 1833, 1834, 1834
1420, 1835, 1836, 1837
1421, 1838, 1838, 1839
1422, 1840, 1841, 1842
1423, 1843, 1844, 1844
1424, 1845, 1846, 1847
1425, 1848, 1848, 1849
1426, 1850, 1850, 1851
1427, 1852, 1853, 1854
1428, 1855, 1856, 1856
1429, 1857, 1858, 1859
1430, 1860, 1860, 1861
1431, 1862, 1863, 1864
1432, 1865, 1866, 1866
1433, 1867, 1868, 1869
1434, 1870, 1870, 1871
1435, 1872, 1873, 1874
1436, 1875, 1876, 1876
1437, 1877, 1878, 1879
1438, 1880, 1880, 1881
1439, 1882, 1883, 1884
1440, 1885, 1886, 1886
1441, 1887, 1888, 1889
1442, 1890, 1891, 1892
1443, 1893, 1894, 1894
1444, 1895, 1896, 1897
1445, 1898, 1898, 1899
1446, 1900, 1901, 1902
1447, 1903, 1904, 1904
1448, 1905, 1906, 1907
1449, 1908, 1908, 1909
1450, 1910, 1911, 1912
1451, 1913, 1914, 1914
1452, 1915, 1916, 1917
1453, 1918, 1919, 1920
1454, 1921, 1922, 1922
1455, 1923, 1924, 1925
1456, 1926, 1926, 1927
1457, 1928, 1929, 1930
1458, 1931, 1932, 1932
1459, 1933, 1934, 1935
1460, 1936, 1937, 1938
1461, 1939, 1940, 1940
1462, 1941, 1942, 1943
1463, 1944, 1944, 1945
1464, 1946, 1947, 1948
1465, 1949, 1950, 1951
1466, 1952, 1952, 1953
1467, 1954, 1955, 1956
1468, 1957, 1958, 1958
1469, 1959, 1960, 1961
1470, 1962, 1963, 1964
1471, 1965, 1966, 1966
1472, 1967, 1968, 1969
1473, 1970, 1971, 1972
1474, 1973, 1974, 1974
1475, 1975, 1976, 1977
1476, 1978, 1978, 1979
1477, 1980, 1981, 1982
1478, 1983, 1984, 1985
1479, 1986, 1986, 1987
1480, 1988, 1989, 1990
1481, 1991, 1992, 1993
1482, 1994, 1994, 1995
1483, 1996, 1997, 1998
1484, 1999, 2000, 2001
1485, 2002, 2002, 2003
1486, 2004, 2005, 2006
1487, 2007, 2008, 2009
1488, 2010, 2010, 2011
1489, 2012, 2013, 2014
1490, 2015, 2016, 2017
1491, 2018, 2019, 2020
1492, 2021, 2022, 2022
1493, 2023, 2024, 2025
1494, 2026, 2027, 2028
1495, 2029, 2030, 2030
1496, 2031, 2032, 2033
1497, 2034, 2035, 2036
1498, 2037, 2038, 2039
1499, 2040, 2040, 2041
1500, 2042, 2043, 2044
1501, 2045, 2046, 2047
1502, 2048, 2048, 2049
1503, 2050, 2051, 2052
1504, 2053, 2054, 2055
1505, 2056, 2057, 2058
1506, 2059, 2060, 2060
1507, 2061, 2062, 2063
1508, 2064, 2065, 2066
1509, 2067, 2068, 2069
1510, 2070, 2070, 2071
1511, 2072, 2073, 2074
1512, 2075, 2076, 2077
1513, 2078, 2079, 2080
1514, 2081, 2082, 2083
1515, 2084, 2084, 2085
1516, 2086, 2087, 2088
1517, 2089, 2090, 2091
1518, 2092, 2093, 2094
1519, 2095, 2096, 2097
1520, 2098, 2098, 2099
1521, 2100, 2101, 2102
1522, 2103, 2104, 2105
1523, 2106, 2107, 2108
1524, 2109, 2110, 2111
1525, 2112, 2112, 2113
1526, 2114, 2115, 2116
1527, 2117, 2118, 2119
1528, 2120, 2121, 2122
1529, 2123, 2124, 2125
1530, 2126, 2127, 2128
1531, 2129, 2130, 2130
1532, 2131, 2132, 2133
1533, 2134, 2135, 2136
1534, 2137, 2138, 2139
1535, 2140, 2141, 2142
1536, 2143, 2144, 2145
1537, 2146, 2147, 2148
1538, 2149, 2150, 2150
1539, 2151, 2152, 2153
1540, 2154, 2155, 2156
1541, 2157, 2158, 2159
1542, 2160, 2161, 2162
1543, 2163, 2164, 2165
1544, 2166, 2167, 2168
1545, 2169, 2170, 2171
1546, 2172, 2173, 2174
1547, 2175, 2176, 2176
1548, 2177, 2178, 2179
1549, 2180, 2181, 2182
1550, 2183, 2184, 2185
1551, 2186, 2187, 2188
1552, 2189, 2190, 2191
1553, 2192, 2193, 2194
1554, 2195, 2196, 2197
1555, 2198, 2199, 2200
1556, 2201, 2202, 2203
1557, 2204, 2205, 2206
1558, 2207, 2208, 2209
1559, 2210, 2211, 2212
1560, 2213, 2214, 2215
1561, 2216, 2217, 2218
1562, 2219, 2220, 2221
1563, 2222, 2223, 2224
1564, 2225, 2226, 2227
1565, 2228, 2228, 2229
1566, 2230, 2231, 2232
1567, 2233, 2234, 2235
1568, 2236, 2237, 2238
1569, 2239, 2240, 2241
1570, 2242, 2243, 2244
1571, 2245, 2246, 2247
1572, 2248, 2249, 2250
1573, 2251, 2252, 2253
1574, 2254, 2255, 2256
1575, 2257, 2258, 2259
1576, 2260, 2261, 2262
1577, 2263, 2264, 2266
1578, 2267, 2268, 2269
1579, 2270, 2271, 2272
1580, 2273, 2274, 2275
1581, 2276, 2277, 2278
1582, 2279, 2280, 2281
1583, 2282, 2283, 2284
1584, 2285, 2286, 2287
1585, 2288, 2289, 2290
1586, 2291, 2292, 2293
1587, 2294, 2295, 2296
1588, 2297, 2298, 2299
1589, 2300, 2301, 2302
1590, 2303, 2304, 2305
1591, 2306, 2307, 2308
1592, 2309, 2310, 2311
1593, 2312, 2313, 2314
1594, 2315, 2316, 2318
1595, 2319, 2320, 2321
1596, 2322, 2323, 2324
1597, 2325, 2326, 2327
1598, 2328, 2329, 2330
1599, 2331, 2332, 2333
1600, 2334, 2335, 2336
1601, 2337, 2338, 2339
1602, 2340, 2342, 2343
1603, 2344, 2345, 2346
1604, 2347, 2348, 2349
1605, 2350, 2351, 2352
1606, 2353, 2354, 2355
1607, 2356, 2357, 2358
1608, 2359, 2360, 2361
1609, 2362, 2364, 2365
1610, 2366, 2367, 2368
1611, 2369, 2370, 2371
1612, 2372, 2373, 2374
1613, 2375, 2376, 2377
1614, 2378, 2379, 2380
1615, 2381, 2382, 2384
1616, 2385, 2386, 2387
1617, 2388, 2389, 2390
1618, 2391, 2392, 2393
1619, 2394, 2395, 2396
1620, 2397, 2398, 2400
1621, 2401, 2402, 2403
1622, 2404, 2405, 2406
1623, 2407, 2408, 2409
1624, 2410, 2411, 2412
1625, 2413, 2414, 2416
1626, 2417, 2418, 2419
1627, 2420, 2421, 2422
1628, 2423, 2424, 2425
1629, 2426, 2428, 2429
1630, 2430, 2431, 2432
1631, 2433, 2434, 2435
1632, 2436, 2437, 2438
1633, 2439, 2440, 2442
1634, 2443, 2444, 2445
1635, 2446, 2447, 2448
1636, 2449, 2450, 2451
1637, 2452, 2454, 2455
1638, 2456, 2457, 2458
1639, 2459, 2460, 2461
1640, 2462, 2464, 2465
1641, 2466, 2467, 2468
1642, 2469, 2470, 2471
1643, 2472, 2473, 2474
1644, 2475, 2476, 2478
1645, 2479, 2480, 2481
1646, 2482, 2483, 2484
1647, 2485, 2486, 2488
1648, 2489, 2490, 2491
1649, 2492, 2493, 2494
1650, 2495, 2496, 2498
1651, 2499, 2500, 2501
1652, 2502, 2503, 2504
1653, 2505, 2506, 2508
1654, 2509, 2510, 2511
1655, 2512, 2513, 2514
1656, 2515, 2516, 2518
1657, 2519, 2520, 2521
1658, 2522, 2524, 2525
1659, 2526, 2527, 2528
1660, 2529, 2530, 2531
1661, 2532, 2534, 2535
1662, 2536, 2537, 2538
1663, 2539, 2540, 2541
1664, 2542, 2544, 2545
1665, 2546, 2547, 2548
1666, 2549, 2550, 2552
1667, 2553, 2554, 2555
1668, 2556, 2558, 2559
1669, 2560, 2561, 2562
1670, 2563, 2564, 2565
1671, 2566, 2568, 2569
1672, 2570, 2571, 2572
1673, 2573, 2574, 2576
1674, 2577, 2578, 2579
1675, 2580, 2582, 2583
1676, 2584, 2585, 2586
1677, 2587, 2588, 2589
1678, 2590, 2592, 2593
1679, 2594, 2595, 2596
1680, 2597, 2598, 2600
1681, 2601, 2602, 2603
1682, 2604, 2606, 2607
1683, 2608, 2609, 2610
1684, 2611, 2612, 2614
1685, 2615, 2616, 2617
1686, 2618, 2620, 2621
1687, 2622, 2623, 2624
1688, 2625, 2626, 2628
1689, 2629, 2630, 2631
1690, 2632, 2634, 2635
1691, 2636, 2637, 2638
1692, 2639, 2640, 2642
1693, 2643, 2644, 2645
1694, 2646, 2648, 2649
1695, 2650, 2652, 2653
1696, 2654, 2655, 2656
1697, 2657, 2658, 2660
1698, 2661, 2662, 2663
1699, 2664, 2666, 2667
1700, 2668, 2669, 2670
1701, 2671, 2672, 2674
1702, 2675, 2676, 2677
1703, 2678, 2680, 2681
1704, 2682, 2684, 2685
1705, 2686, 2687, 2688
1706, 2689, 2690, 2692
1707, 2693, 2694, 2695
1708, 2696, 2698, 2699
1709, 2700, 2702, 2703
1710, 2704, 2705, 2706
1711, 2707, 2708, 2710
1712, 2711, 2712, 2713
1713, 2714, 2716, 2717
1714, 2718, 2720, 2721
1715, 2722, 2723, 2724
1716, 2725, 2726, 2728
1717, 2729, 2730, 2732
1718, 2733, 2734, 2735
1719, 2736, 2738, 2739
1720, 2740, 2742, 2743
1721, 2744, 2745, 2746
1722, 2747, 2748, 2750
1723, 2751, 2752, 2754
1724, 2755, 2756, 2757
1725, 2758, 2760, 2761
1726, 2762, 2764, 2765
1727, 2766, 2767, 2768
1728, 2769, 2770, 2772
1729, 2773, 2774, 2776
1730, 2777, 2778, 2780
1731, 2781, 2782, 2783
1732, 2784, 2786, 2787
1733, 2788, 2790, 2791
1734, 2792, 2793, 2794
1735, 2795, 2796, 2798
1736, 2799, 2800, 2802
1737, 2803, 2804, 2806
1738, 2807, 2808, 2809
1739, 2810, 2812, 2813
1740, 2814, 2816, 2817
1741, 2818, 2820, 2821
1742, 2822, 2823, 2824
1743, 2825, 2826, 2828
1744, 2829, 2830, 2832
1745, 2833, 2834, 2836
1746, 2837, 2838, 2840
1747, 2841, 2842, 2843
1748, 2844, 2846, 2847
1749, 2848, 2850, 2851
1750, 2852, 2854, 2855
1751, 2856, 2858, 2859
1752, 2860, 2861, 2862
1753, 2863, 2864, 2866
1754, 2867, 2868, 2870
1755, 2871, 2872, 2874
1756, 2875, 2876, 2878
1757, 2879, 2880, 2882
1758, 2883, 2884, 2886
1759, 2887, 2888, 2889
1760, 2890, 2892, 2893
1761, 2894, 2896, 2897
1762, 2898, 2900, 2901
1763, 2902, 2904, 2905
1764, 2906, 2908, 2909
1765, 2910, 2912, 2913
1766, 2914, 2916, 2917
1767, 2918, 2919, 2920
1768, 2921, 2922, 2924
1769, 2925, 2926, 2928
1770, 2929, 2930, 2932
1771, 2933, 2934, 2936
1772, 2937, 2938, 2940
1773, 2941, 2942, 2944
1774, 2945, 2946, 2948
1775, 2949, 2950, 2952
1776, 2953, 2954, 2956
1777, 2957, 2958, 2960
1778, 2961, 2962, 2964
1779, 2965, 2966, 2968
1780, 2969, 2970, 2972
1781, 2973, 2974, 2976
1782, 2977, 2978, 2980
1783, 2981, 2982, 2984
1784, 2985, 2986, 2988
1785, 2989, 2990, 2992
1786, 2993, 2994, 2996
1787, 2997, 2998, 3000
1788, 3001, 3002, 3004
1789, 3005, 3006, 3008
1790, 3009, 3010, 3012
1791, 3013, 3014, 3016
1792, 3017, 3018, 3020
1793, 3021, 3022, 3024
1794, 3025, 3026, 3028
1795, 3029, 3030, 3032
1796, 3033, 3034, 3036
1797, 3037, 3038, 3040
1798, 3041, 3042, 3044
1799, 3045, 3046, 3048
1800, 3049, 3050, 3052
1801, 3053, 3054, 3056
1802, 3057, 3058, 3060
1803, 3061, 3062, 3064
1804, 3065, 3066, 3068
1805, 3069, 3071, 3073
1806, 3074, 3076, 3077
1807, 3078, 3080, 3081
1808, 3082, 3084, 3085
1809, 3086, 3088, 3089
1810, 3090, 3092, 3093
1811, 3094, 3096, 3097
1812, 3098, 3100, 3101
1813, 3102, 3104, 3106
1814, 3107, 3108, 3110
1815, 3111, 3112, 3114
1816, 3115, 3116, 3118
1817, 3119, 3120, 3122
1818, 3123, 3124, 3126
1819, 3127, 3129, 3131
1820, 3132, 3134, 3135
1821, 3136, 3138, 3139
1822, 3140, 3142, 3143
1823, 3144, 3146, 3147
1824, 3148, 3150, 3152
1825, 3153, 3154, 3156
1826, 3157, 3158, 3160
1827, 3161, 3162, 3164
1828, 3165, 3166, 3168
1829, 3169, 3171, 3173
1830, 3174, 3176, 3177
1831, 3178, 3180, 3181
1832, 3182, 3184, 3185
1833, 3186, 3188, 3190
1834, 3191, 3192, 3194
1835, 3195, 3196, 3198
1836, 3199, 3201, 3203
1837, 3204, 3206, 3207
1838, 3208, 3210, 3211
1839, 3212, 3214, 3215
1840, 3216, 3218, 3220
1841, 3221, 3222, 3224
1842, 3225, 3226, 3228
1843, 3229, 3231, 3233
1844, 3234, 3236, 3237
1845, 3238, 3240, 3241
1846, 3242, 3244, 3246
1847, 3247, 3248, 3250
1848, 3251, 3252, 3254
1849, 3255, 3257, 3259
1850, 3260, 3262, 3263
1851, 3264, 3266, 3267
1852, 3268, 3270, 3272
1853, 3273, 3274, 3276
1854, 3277, 3279, 3281
1855, 3282, 3284, 3285
1856, 3286, 3288, 3289
1857, 3290, 3292, 3294
1858, 3295, 3296, 3298
1859, 3299, 3301, 3303
1860, 3304, 3306, 3307
1861, 3308, 3310, 3311
1862, 3312, 3314, 3316
1863, 3317, 3318, 3320
1864, 3321, 3323, 3325
1865, 3326, 3328, 3329
1866, 3330, 3332, 3334
1867, 3335, 3336, 3338
1868, 3339, 3340, 3342
1869, 3343, 3345, 3347
1870, 3348, 3350, 3351
1871, 3352, 3354, 3356
1872, 3357, 3358, 3360
1873, 3361, 3363, 3365
1874, 3366, 3368, 3369
1875, 3370, 3372, 3374
1876, 3375, 3376, 3378
1877, 3379, 3381, 3383
1878, 3384, 3386, 3387
1879, 3388, 3390, 3392
1880, 3393, 3395, 3397
1881, 3398, 3400, 3401
1882, 3402, 3404, 3406
1883, 3407, 3408, 3410
1884, 3411, 3413, 3415
1885, 3416, 3418, 3419
1886, 3420, 3422, 3424
1887, 3425, 3426, 3428
1888, 3429, 3431, 3433
1889, 3434, 3436, 3438
1890, 3439, 3440, 3442
1891, 3443, 3445, 3447
1892, 3448, 3450, 3451
1893, 3452, 3454, 3456
1894, 3457, 3459, 3461
1895, 3462, 3464, 3465
1896, 3466, 3468, 3470
1897, 3471, 3473, 3475
1898, 3476, 3478, 3479
1899, 3480, 3482, 3484
1900, 3485, 3487, 3489
1901, 3490, 3492, 3493
1902, 3494, 3496, 3498
1903, 3499, 3501, 3503
1904, 3504, 3506, 3507
1905, 3508, 3510, 3512
1906, 3513, 3515, 3517
1907, 3518, 3520, 3521
1908, 3522, 3524, 3526
1909, 3527, 3529, 3531
1910, 3532, 3534, 3535
1911, 3536, 3538, 3540
1912, 3541, 3543, 3545
1913, 3546, 3548, 3550
1914, 3551, 3552, 3554
1915, 3555, 3557, 3559
1916, 3560, 3562, 3564
1917, 3565, 3567, 3569
1918, 3570, 3572, 3573
1919, 3574, 3576, 3578
1920, 3579, 3581, 3583
1921, 3584, 3586, 3588
1922, 3589, 3591, 3593
1923, 3594, 3596, 3597
1924, 3598, 3600, 3602
1925, 3603, 3605, 3607
1926, 3608, 3610, 3612
1927, 3613, 3615, 3617
1928, 3618, 3620, 3622
1929, 3623, 3624, 3626
1930, 3627, 3629, 3631
1931, 3632, 3634, 3636
1932, 3637, 3639, 3641
1933, 3642, 3644, 3646
1934, 3647, 3649, 3651
1935, 3652, 3654, 3656
1936, 3657, 3658, 3660
1937, 3661, 3663, 3665
1938, 3666, 3668, 3670
1939, 3671, 3673, 3675
1940, 3676, 3678, 3680
1941, 3681, 3683, 3685
1942, 3686, 3688, 3690
1943, 3691, 3693, 3695
1944, 3696, 3698, 3700
1945, 3701, 3703, 3705
1946, 3706, 3708, 3710
1947, 3711, 3713, 3715
1948, 3716, 3718, 3720
1949, 3721, 3723, 3725
1950, 3726, 3728, 3730
1951, 3731, 3733, 3735
1952, 3736, 3738, 3740
1953, 3741, 3743, 3745
1954, 3746, 3748, 3750
1955, 3751, 3753, 3755
1956, 3756, 3758, 3760
1957, 3761, 3763, 3765
1958, 3766, 3768, 3770
1959, 3771, 3773, 3775
1960, 3776, 3778, 3780
1961, 3781, 3783, 3785
1962, 3786, 3788, 3790
1963, 3791, 3793, 3795
1964, 3796, 3798, 3800
1965, 3801, 3803, 3805
1966, 3806, 3808, 3810
1967, 3811, 3813, 3815
1968, 3816, 3818, 3820
1969, 3821, 3823, 3825
1970, 3826, 3828, 3831
1971, 3832, 3834, 3836
1972, 3837, 3839, 3841
1973, 3842, 3844, 3846
1974, 3847, 3849, 3851
1975, 3852, 3854, 3856
1976, 3857, 3859, 3861
1977, 3862, 3864, 3867
1978, 3868, 3870, 3872
1979, 3873, 3875, 3877
1980, 3878, 3880, 3882
1981, 3883, 3885, 3887
1982, 3888, 3890, 3893
1983, 3894, 3896, 3898
1984, 3899, 3901, 3903
1985, 3904, 3906, 3908
1986, 3909, 3911, 3913
1987, 3914, 3916, 3919
1988, 3920, 3922, 3924
1989, 3925, 3927, 3929
1990, 3930, 3932, 3934
1991, 3935, 3938, 3940
1992, 3941, 3943, 3945
1993, 3946, 3948, 3950
1994, 3951, 3953, 3955
1995, 3956, 3958, 3961
1996, 3962, 3964, 3966
1997, 3967, 3969, 3971
1998, 3972, 3974, 3977
1999, 3978, 3980, 3982
2000, 3983, 3985, 3987
2001, 3988, 3990, 3993
2002, 3994, 3996, 3998
2003, 3999, 4001, 4003
2004, 4004, 4006, 4009
2005, 4010, 4012, 4014
2006, 4015, 4017, 4019
2007, 4020, 4022, 4025
2008, 4026, 4028, 4030
2009, 4031, 4034, 4036
2010, 4037, 4039, 4041
2011, 4042, 4044, 4046
2012, 4047, 4050, 4052
2013, 4053, 4055, 4057
2014, 4058, 4060, 4063
2015, 4064, 4066, 4068
2016, 4069, 4071, 4073
2017, 4074, 4076, 4079
2018, 4080, 4082, 4084
2019, 4085, 4088, 4090
2020, 4091, 4093, 4095
2021, 4096, 4098, 4101
2022, 4102, 4104, 4106
2023, 4107, 4110, 4112
2024, 4113, 4115, 4117
2025, 4118, 4120, 4123
2026, 4124, 4126, 4128
2027, 4129, 4132, 4134
2028, 4135, 4137, 4139
2029, 4140, 4142, 4145
2030, 4146, 4148, 4150
2031, 4151, 4154, 4156
2032, 4157, 4160, 4162
2033, 4163, 4165, 4167
2034, 4168, 4170, 4173
2035, 4174, 4176, 4178
2036, 4179, 4182, 4184
2037, 4185, 4187, 4189
2038, 4190, 4192, 4195
2039, 4196, 4198, 4201
2040, 4202, 4204, 4206
2041, 4207, 4210, 4212
2042, 4213, 4216, 4218
2043, 4219, 4221, 4223
2044, 4224, 4226, 4229
2045, 4230, 4232, 4234
2046, 4235, 4238, 4240
2047, 4241, 4244, 4246
2048, 4247, 4249, 4251
2049, 4252, 4254, 4257
2050, 4258, 4260, 4263
2051, 4264, 4266, 4269
2052, 4270, 4272, 4274
2053, 4275, 4278, 4280
2054, 4281, 4284, 4286
2055, 4287, 4289, 4291
2056, 4292, 4294, 4297
2057, 4298, 4300, 4303
2058, 4304, 4306, 4309
2059, 4310, 4312, 4314
2060, 4315, 4318, 4320
2061, 4321, 4324, 4326
2062, 4327, 4330, 4332
2063, 4333, 4336, 4338
2064, 4339, 4341, 4343
2065, 4344, 4346, 4349
2066, 4350, 4352, 4355
2067, 4356, 4358, 4361
2068, 4362, 4364, 4367
2069, 4368, 4370, 4372
2070, 4373, 4376, 4378
2071, 4379, 4382, 4384
2072, 4385, 4388, 4390
2073, 4391, 4394, 4396
2074, 4397, 4400, 4402
2075, 4403, 4406, 4408
2076, 4409, 4412, 4414
2077, 4415, 4417, 4419
2078, 4420, 4422, 4425
2079, 4426, 4428, 4431
2080, 4432, 4434, 4437
2081, 4438, 4440, 4443
2082, 4444, 4446, 4449
2083, 4450, 4452, 4455
2084, 4456, 4458, 4461
2085, 4462, 4464, 4467
2086, 4468, 4470, 4473
2087, 4474, 4476, 4479
2088, 4480, 4482, 4485
2089, 4486, 4488, 4491
2090, 4492, 4494, 4497
2091, 4498, 4500, 4503
2092, 4504, 4506, 4509
2093, 4510, 4512, 4515
2094, 4516, 4518, 4521
2095, 4522, 4524, 4527
2096, 4528, 4530, 4533
2097, 4534, 4536, 4539
2098, 4540, 4542, 4545
2099, 4546, 4548, 4551
2100, 4552, 4554, 4557
2101, 4558, 4560, 4563
2102, 4564, 4567, 4570
2103, 4571, 4574, 4576
2104, 4577, 4580, 4582
2105, 4583, 4586, 4588
2106, 4589, 4592, 4594
2107, 4595, 4598, 4600
2108, 4601, 4604, 4606
2109, 4607, 4610, 4613
2110, 4614, 4616, 4619
2111, 4620, 4622, 4625
2112, 4626, 4628, 4631
2113, 4632, 4634, 4637
2114, 4638, 4640, 4643
2115, 4644, 4647, 4650
2116, 4651, 4654, 4656
2117, 4657, 4660, 4662
2118, 4663, 4666, 4668
2119, 4669, 4672, 4675
2120, 4676, 4678, 4681
2121, 4682, 4684, 4687
2122, 4688, 4690, 4693
2123, 4694, 4697, 4700
2124, 4701, 4704, 4706
2125, 4707, 4710, 4712
2126, 4713, 4716, 4719
2127, 4720, 4722, 4725
2128, 4726, 4728, 4731
2129, 4732, 4734, 4737
2130, 4738, 4741, 4744
2131, 4745, 4748, 4750
2132, 4751, 4754, 4757
2133, 4758, 4760, 4763
2134, 4764, 4766, 4769
2135, 4770, 4773, 4776
2136, 4777, 4780, 4782
2137, 4783, 4786, 4788
2138, 4789, 4792, 4795
2139, 4796, 4798, 4801
2140, 4802, 4805, 4808
2141, 4809, 4812, 4814
2142, 4815, 4818, 4821
2143, 4822, 4824, 4827
2144, 4828, 4830, 4833
2145, 4834, 4837, 4840
2146, 4841, 4844, 4846
2147, 4847, 4850, 4853
2148, 4854, 4856, 4859
2149, 4860, 4863, 4866
2150, 4867, 4870, 4872
2151, 4873, 4876, 4879
2152, 4880, 4882, 4885
2153, 4886, 4889, 4892
2154, 4893, 4896, 4898
2155, 4899, 4902, 4905
2156, 4906, 4909, 4912
2157, 4913, 4916, 4918
2158, 4919, 4922, 4925
2159, 4926, 4928, 4931
2160, 4932, 4935, 4938
2161, 4939, 4942, 4944
2162, 4945, 4948, 4951
2163, 4952, 4955, 4958
2164, 4959, 4962, 4964
2165, 4965, 4968, 4971
2166, 4972, 4975, 4978
2167, 4979, 4982, 4984
2168, 4985, 4988, 4991
2169, 4992, 4995, 4998
2170, 4999, 5002, 5004
2171, 5005, 5008, 5011
2172, 5012, 5015, 5018
2173, 5019, 5022, 5024
2174, 5025, 5028, 5031
2175, 5032, 5035, 5038
2176, 5039, 5042, 5045
2177, 5046, 5048, 5051
2178, 5052, 5055, 5058
2179, 5059, 5062, 5065
2180, 5066, 5069, 5072
2181, 5073, 5076, 5078
2182, 5079, 5082, 5085
2183, 5086, 5089, 5092
2184, 5093, 5096, 5099
2185, 5100, 5103, 5106
2186, 5107, 5110, 5112
2187, 5113, 5116, 5119
2188, 5120, 5123, 5126
2189, 5127, 5130, 5133
2190, 5134, 5137, 5140
2191, 5141, 5144, 5147
2192, 5148, 5151, 5154
2193, 5155, 5158, 5160
2194, 5161, 5164, 5167
2195, 5168, 5171, 5174
2196, 5175, 5178, 5181
2197, 5182, 5185, 5188
2198, 5189, 5192, 5195
2199, 5196, 5199, 5202
2200, 5203, 5206, 5209
2201, 5210, 5213, 5216
2202, 5217, 5220, 5223
2203, 5224, 5227, 5230
2204, 5231, 5234, 5237
2205, 5238, 5241, 5244
2206, 5245, 5248, 5251
2207, 5252, 5255, 5258
2208, 5259, 5262, 5265
2209, 5266, 5269, 5272
2210, 5273, 5276, 5279
2211, 5280, 5283, 5286
2212, 5287, 5290, 5293
2213, 5294, 5297, 5300
2214, 5301, 5304, 5307
2215, 5308, 5311, 5314
2216, 5315, 5318, 5322
2217, 5323, 5326, 5329
2218, 5330, 5333, 5336
2219, 5337, 5340, 5343
2220, 5344, 5347, 5350
2221, 5351, 5354, 5357
2222, 5358, 5361, 5364
2223, 5365, 5368, 5372
2224, 5373, 5376, 5379
2225, 5380, 5383, 5386
2226, 5387, 5390, 5393
2227, 5394, 5397, 5400
2228, 5401, 5404, 5408
2229, 5409, 5412, 5415
2230, 5416, 5419, 5422
2231, 5423, 5426, 5429
2232, 5430, 5434, 5437
2233, 5438, 5441, 5444
2234, 5445, 5448, 5451
2235, 5452, 5455, 5458
2236, 5459, 5462, 5466
2237, 5467, 5470, 5473
2238, 5474, 5477, 5480
2239, 5481, 5484, 5488
2240, 5489, 5492, 5495
2241, 5496, 5499, 5502
2242, 5503, 5506, 5510
2243, 5511, 5514, 5517
2244, 5518, 5521, 5524
2245, 5525, 5528, 5532
2246, 5533, 5536, 5539
2247, 5540, 5544, 5547
2248, 5548, 5551, 5554
2249, 5555, 5558, 5561
2250, 5562, 5566, 5569
2251, 5570, 5573, 5576
2252, 5577, 5580, 5584
2253, 5585, 5588, 5591
2254, 5592, 5596, 5599
2255, 5600, 5603, 5606
2256, 5607, 5610, 5614
2257, 5615, 5618, 5621
2258, 5622, 5626, 5629
2259, 5630, 5633, 5636
2260, 5637, 5640, 5644
2261, 5645, 5648, 5651
2262, 5652, 5656, 5659
2263, 5660, 5664, 5667
2264, 5668, 5671, 5674
2265, 5675, 5678, 5682
2266, 5683, 5686, 5689
2267, 5690, 5694, 5697
2268, 5698, 5702, 5705
2269, 5706, 5709, 5712
2270, 5713, 5716, 5720
2271, 5721, 5724, 5727
2272, 5728, 5732, 5735
2273, 5736, 5740, 5743
2274, 5744, 5747, 5750
2275, 5751, 5754, 5758
2276, 5759, 5762, 5766
2277, 5767, 5770, 5774
2278, 5775, 5778, 5781
2279, 5782, 5786, 5789
2280, 5790, 5794, 5797
2281, 5798, 5801, 5804
2282, 5805, 5808, 5812
2283, 5813, 5816, 5820
2284, 5821, 5824, 5828
2285, 5829, 5832, 5836
2286, 5837, 5840, 5843
2287, 5844, 5848, 5851
2288, 5852, 5856, 5859
2289, 5860, 5864, 5867
2290, 5868, 5872, 5875
2291, 5876, 5880, 5883
2292, 5884, 5887, 5890
2293, 5891, 5894, 5898
2294, 5899, 5902, 5906
2295, 5907, 5910, 5914
2296, 5915, 5918, 5922
2297, 5923, 5926, 5930
2298, 5931, 5934, 5938
2299, 5939, 5942, 5946
2300, 5947, 5950, 5954
2301, 5955, 5958, 5962
2302, 5963, 5966, 5970
2303, 5971, 5974, 5978
2304, 5979, 5982, 5986
2305, 5987, 5990, 5994
2306, 5995, 5998, 6002
2307, 6003, 6006, 6010
2308, 6011, 6014, 6018
2309, 6019, 6022, 6026
2310, 6027, 6030, 6034
2311, 6035, 6038, 6042
2312, 6043, 6046, 6050
2313, 6051, 6054, 6058
2314, 6059, 6062, 6066
2315, 6067, 6070, 6074
2316, 6075, 6078, 6082
2317, 6083, 6087, 6091
2318, 6092, 6096, 6099
2319, 6100, 6104, 6107
2320, 6108, 6112, 6115
2321, 6116, 6120, 6123
2322, 6124, 6128, 6131
2323, 6132, 6136, 6140
2324, 6141, 6144, 6148
2325, 6149, 6152, 6156
2326, 6157, 6160, 6164
2327, 6165, 6168, 6172
2328, 6173, 6177, 6181
2329, 6182, 6186, 6189
2330, 6190, 6194, 6197
2331, 6198, 6202, 6206
2332, 6207, 6210, 6214
2333, 6215, 6218, 6222
2334, 6223, 6226, 6230
2335, 6231, 6235, 6239
2336, 6240, 6244, 6247
2337, 6248, 6252, 6255
2338, 6256, 6260, 6264
2339, 6265, 6268, 6272
2340, 6273, 6277, 6281
2341, 6282, 6286, 6289
2342, 6290, 6294, 6297
2343, 6298, 6302, 6306
2344, 6307, 6310, 6314
2345, 6315, 6319, 6323
2346, 6324, 6328, 6331
2347, 6332, 6336, 6340
2348, 6341, 6344, 6348
2349, 6349, 6353, 6357
2350, 6358, 6362, 6365
2351, 6366, 6370, 6374
2352, 6375, 6378, 6382
2353, 6383, 6387, 6391
2354, 6392, 6396, 6399
2355, 6400, 6404, 6408
2356, 6409, 6412, 6416
2357, 6417, 6421, 6425
2358, 6426, 6430, 6434
2359, 6435, 6438, 6442
2360, 6443, 6447, 6451
2361, 6452, 6456, 6459
2362, 6460, 6464, 6468
2363, 6469, 6473, 6477
2364, 6478, 6482, 6485
2365, 6486, 6490, 6494
2366, 6495, 6499, 6503
2367, 6504, 6508, 6511
2368, 6512, 6516, 6520
2369, 6521, 6525, 6529
2370, 6530, 6534, 6538
2371, 6539, 6542, 6546
2372, 6547, 6551, 6555
2373, 6556, 6560, 6564
2374, 6565, 6569, 6573
2375, 6574, 6578, 6581
2376, 6582, 6586, 6590
2377, 6591, 6595, 6599
2378, 6600, 6604, 6608
2379, 6609, 6613, 6617
2380, 6618, 6622, 6625
2381, 6626, 6630, 6634
2382, 6635, 6639, 6643
2383, 6644, 6648, 6652
2384, 6653, 6657, 6661
2385, 6662, 6666, 6670
2386, 6671, 6675, 6679
2387, 6680, 6684, 6688
2388, 6689, 6693, 6697
2389, 6698, 6702, 6706
2390, 6707, 6711, 6715
2391, 6716, 6720, 6724
2392, 6725, 6729, 6733
2393, 6734, 6738, 6742
2394, 6743, 6747, 6751
2395, 6752, 6756, 6760
2396, 6761, 6765, 6769
2397, 6770, 6774, 6778
2398, 6779, 6783, 6787
2399, 6788, 6792, 6796
2400, 6797, 6801, 6805
2401, 6806, 6810, 6814
2402, 6815, 6819, 6823
2403, 6824, 6828, 6832
2404, 6833, 6837, 6841
2405, 6842, 6846, 6851
2406, 6852, 6856, 6860
2407, 6861, 6865, 6869
2408, 6870, 6874, 6878
2409, 6879, 6883, 6887
2410, 6888, 6892, 6896
2411, 6897, 6902, 6906
2412, 6907, 6911, 6915
2413, 6916, 6920, 6924
2414, 6925, 6929, 6933
2415, 6934, 6938, 6943
2416, 6944, 6948, 6952
2417, 6953, 6957, 6961
2418, 6962, 6966, 6971
2419, 6972, 6976, 6980
2420, 6981, 6985, 6989
2421, 6990, 6994, 6999
2422, 7000, 7004, 7008
2423, 7009, 7013, 7017
2424, 7018, 7022, 7027
2425, 7028, 7032, 7036
2426, 7037, 7042, 7046
2427, 7047, 7051, 7055
2428, 7056, 7060, 7064
2429, 7065, 7070, 7074
2430, 7075, 7079, 7083
2431, 7084, 7088, 7093
2432, 7094, 7098, 7102
2433, 7103, 7108, 7112
2434, 7113, 7117, 7121
2435, 7122, 7126, 7131
2436, 7132, 7136, 7140
2437, 7141, 7146, 7150
2438, 7151, 7155, 7159
2439, 7160, 7164, 7169
2440, 7170, 7174, 7179
2441, 7180, 7184, 7188
2442, 7189, 7194, 7198
2443, 7199, 7203, 7207
2444, 7208, 7212, 7217
2445, 7218, 7222, 7227
2446, 7228, 7232, 7236
2447, 7237, 7242, 7246
2448, 7247, 7252, 7256
2449, 7257, 7261, 7265
2450, 7266, 7270, 7275
2451, 7276, 7280, 7285
2452, 7286, 7290, 7295
2453, 7296, 7300, 7304
2454, 7305, 7310, 7314
2455, 7315, 7320, 7324
2456, 7325, 7330, 7334
2457, 7335, 7340, 7344
2458, 7345, 7349, 7353
2459, 7354, 7358, 7363
2460, 7364, 7368, 7373
2461, 7374, 7378, 7383
2462, 7384, 7388, 7393
2463, 7394, 7398, 7403
2464, 7404, 7408, 7413
2465, 7414, 7418, 7422
2466, 7423, 7428, 7432
2467, 7433, 7438, 7442
2468, 7443, 7448, 7452
2469, 7453, 7458, 7462
2470, 7463, 7468, 7472
2471, 7473, 7478, 7482
2472, 7483, 7488, 7492
2473, 7493, 7498, 7502
2474, 7503, 7508, 7512
2475, 7513, 7518, 7522
2476, 7523, 7528, 7532
2477, 7533, 7538, 7542
2478, 7543, 7548, 7553
2479, 7554, 7558, 7563
2480, 7564, 7568, 7573
2481, 7574, 7578, 7583
2482, 7584, 7588, 7593
2483, 7594, 7598, 7603
2484, 7604, 7608, 7613
2485, 7614, 7618, 7623
2486, 7624, 7629, 7634
2487, 7635, 7640, 7644
2488, 7645, 7650, 7654
2489, 7655, 7660, 7664
2490, 7665, 7670, 7675
2491, 7676, 7680, 7685
2492, 7686, 7690, 7695
2493, 7696, 7700, 7705
2494, 7706, 7711, 7716
2495, 7717, 7722, 7726
2496, 7727, 7732, 7736
2497, 7737, 7742, 7747
2498, 7748, 7752, 7757
2499, 7758, 7762, 7767
2500, 7768, 7773, 7778
2501, 7779, 7784, 7788
2502, 7789, 7794, 7799
2503, 7800, 7804, 7809
2504, 7810, 7815, 7820
2505, 7821, 7826, 7830
2506, 7831, 7836, 7840
2507, 7841, 7846, 7851
2508, 7852, 7856, 7861
2509, 7862, 7867, 7872
2510, 7873, 7878, 7882
2511, 7883, 7888, 7893
2512, 7894, 7899, 7904
2513, 7905, 7910, 7914
2514, 7915, 7920, 7925
2515, 7926, 7930, 7935
2516, 7936, 7941, 7946
2517, 7947, 7952, 7957
2518, 7958, 7962, 7967
2519, 7968, 7973, 7978
2520, 7979, 7984, 7989
2521, 7990, 7994, 7999
2522, 8000, 8005, 8010
2523, 8011, 8016, 8021
2524, 8022, 8026, 8031
2525, 8032, 8037, 8042
2526, 8043, 8048, 8053
2527, 8054, 8059, 8064
2528, 8065, 8070, 8074
2529, 8075, 8080, 8085
2530, 8086, 8091, 8096
2531, 8097, 8102, 8107
2532, 8108, 8113, 8118
2533, 8119, 8124, 8128
2534, 8129, 8134, 8139
2535, 8140, 8145, 8150
2536, 8151, 8156, 8161
2537, 8162, 8167, 8172
2538, 8173, 8178, 8183
2539, 8184, 8189, 8194
2540, 8195, 8200, 8205
2541, 8206, 8211, 8216
2542, 8217, 8222, 8227
2543, 8228, 8233, 8238
2544, 8239, 8244, 8249
2545, 8250, 8255, 8260
2546, 8261, 8266, 8271
2547, 8272, 8277, 8282
2548, 8283, 8288, 8293
2549, 8294, 8299, 8304
2550, 8305, 8310, 8315
2551, 8316, 8321, 8326
2552, 8327, 8332, 8338
2553, 8339, 8344, 8349
2554, 8350, 8355, 8360
2555, 8361, 8366, 8371
2556, 8372, 8377, 8382
2557, 8383, 8388, 8393
2558, 8394, 8400, 8405
2559, 8406, 8411, 8416
2560, 8417, 8422, 8427
2561, 8428, 8433, 8438
2562, 8439, 8444, 8450
2563, 8451, 8456, 8461
2564, 8462, 8467, 8472
2565, 8473, 8478, 8484
2566, 8485, 8490, 8495
2567, 8496, 8501, 8506
2568, 8507, 8512, 8518
2569, 8519, 8524, 8529
2570, 8530, 8535, 8540
2571, 8541, 8546, 8552
2572, 8553, 8558, 8563
2573, 8564, 8570, 8575
2574, 8576, 8581, 8586
2575, 8587, 8592, 8598
2576, 8599, 8604, 8609
2577, 8610, 8616, 8621
2578, 8622, 8627, 8632
2579, 8633, 8638, 8644
2580, 8645, 8650, 8655
2581, 8656, 8662, 8667
2582, 8668, 8674, 8679
2583, 8680, 8685, 8690
2584, 8691, 8696, 8702
2585, 8703, 8708, 8713
2586, 8714, 8720, 8725
2587, 8726, 8732, 8737
2588, 8738, 8743, 8748
2589, 8749, 8754, 8760
2590, 8761, 8766, 8772
2591, 8773, 8778, 8784
2592, 8785, 8790, 8795
2593, 8796, 8802, 8807
2594, 8808, 8814, 8819
2595, 8820, 8826, 8831
2596, 8832, 8837, 8842
2597, 8843, 8848, 8854
2598, 8855, 8860, 8866
2599, 8867, 8872, 8878
2600, 8879, 8884, 8890
2601, 8891, 8896, 8902
2602, 8903, 8908, 8914
2603, 8915, 8920, 8926
2604, 8927, 8932, 8937
2605, 8938, 8944, 8949
2606, 8950, 8956, 8961
2607, 8962, 8968, 8973
2608, 8974, 8980, 8985
2609, 8986, 8992, 8997
2610, 8998, 9004, 9009
2611, 9010, 9016, 9021
2612, 9022, 9028, 9034
2613, 9035, 9040, 9046
2614, 9047, 9052, 9058
2615, 9059, 9064, 9070
2616, 9071, 9076, 9082
2617, 9083, 9088, 9094
2618, 9095, 9100, 9106
2619, 9107, 9112, 9118
2620, 9119, 9125, 9131
2621, 9132, 9138, 9143
2622, 9144, 9150, 9155
2623, 9156, 9162, 9167
2624, 9168, 9174, 9180
2625, 9181, 9186, 9192
2626, 9193, 9198, 9204
2627, 9205, 9210, 9216
2628, 9217, 9223, 9229
2629, 9230, 9236, 9241
2630, 9242, 9248, 9253
2631, 9254, 9260, 9266
2632, 9267, 9272, 9278
2633, 9279, 9285, 9291
2634, 9292, 9298, 9303
2635, 9304, 9310, 9315
2636, 9316, 9322, 9328
2637, 9329, 9334, 9340
2638, 9341, 9347, 9353
2639, 9354, 9360, 9365
2640, 9366, 9372, 9378
2641, 9379, 9384, 9390
2642, 9391, 9397, 9403
2643, 9404, 9410, 9416
2644, 9417, 9422, 9428
2645, 9429, 9435, 9441
2646, 9442, 9448, 9453
2647, 9454, 9460, 9466
2648, 9467, 9473, 9479
2649, 9480, 9486, 9491
2650, 9492, 9498, 9504
2651, 9505, 9511, 9517
2652, 9518, 9524, 9529
2653, 9530, 9536, 9542
2654, 9543, 9549, 9555
2655, 9556, 9562, 9568
2656, 9569, 9575, 9581
2657, 9582, 9588, 9593
2658, 9594, 9600, 9606
2659, 9607, 9613, 9619
2660, 9620, 9626, 9632
2661, 9633, 9639, 9645
2662, 9646, 9652, 9658
2663, 9659, 9665, 9671
2664, 9672, 9678, 9684
2665, 9685, 9690, 9696
2666, 9697, 9703, 9709
2667, 9710, 9716, 9722
2668, 9723, 9729, 9735
2669, 9736, 9742, 9748
2670, 9749, 9755, 9761
2671, 9762, 9768, 9775
2672, 9776, 9782, 9788
2673, 9789, 9795, 9801
2674, 9802, 9808, 9814
2675, 9815, 9821, 9827
2676, 9828, 9834, 9840
2677, 9841, 9847, 9853
2678, 9854, 9860, 9866
2679, 9867, 9874, 9880
2680, 9881, 9887, 9893
2681, 9894, 9900, 9906
2682, 9907, 9913, 9919
2683, 9920, 9926, 9933
2684, 9934, 9940, 9946
2685, 9947, 9953, 9959
2686, 9960, 9966, 9972
2687, 9973, 9980, 9986
2688, 9987, 9993, 9999
2689, 10000, 10006, 10012
2690, 10013, 10020, 10026
2691, 10027, 10033, 10039
2692, 10040, 10046, 10053
2693, 10054, 10060, 10066
2694, 10067, 10074, 10080
2695, 10081, 10087, 10093
2696, 10094, 10100, 10107
2697, 10108, 10114, 10120
2698, 10121, 10128, 10134
2699, 10135, 10141, 10147
2700, 10148, 10154, 10161
2701, 10162, 10168, 10174
2702, 10175, 10182, 10188
2703, 10189, 10196, 10202
2704, 10203, 10209, 10215
2705, 10216, 10222, 10229
2706, 10230, 10236, 10243
2707, 10244, 10250, 10256
2708, 10257, 10264, 10270
2709, 10271, 10278, 10284
2710, 10285, 10291, 10297
2711, 10298, 10304, 10311
2712, 10312, 10318, 10325
2713, 10326, 10332, 10339
2714, 10340, 10346, 10353
2715, 10354, 10360, 10366
2716, 10367, 10374, 10380
2717, 10381, 10388, 10394
2718, 10395, 10402, 10408
2719, 10409, 10416, 10422
2720, 10423, 10430, 10436
2721, 10437, 10444, 10450
2722, 10451, 10458, 10464
2723, 10465, 10472, 10478
2724, 10479, 10486, 10492
2725, 10493, 10500, 10506
2726, 10507, 10514, 10520
2727, 10521, 10528, 10534
2728, 10535, 10542, 10548
2729, 10549, 10556, 10562
2730, 10563, 10570, 10576
2731, 10577, 10584, 10591
2732, 10592, 10598, 10605
2733, 10606, 10612, 10619
2734, 10620, 10626, 10633
2735, 10634, 10640, 10647
2736, 10648, 10654, 10661
2737, 10662, 10669, 10676
2738, 10677, 10684, 10690
2739, 10691, 10698, 10704
2740, 10705, 10712, 10719
2741, 10720, 10726, 10733
2742, 10734, 10740, 10747
2743, 10748, 10755, 10762
2744, 10763, 10770, 10776
2745, 10777, 10784, 10790
2746, 10791, 10798, 10805
2747, 10806, 10812, 10819
2748, 10820, 10827, 10834
2749, 10835, 10842, 10848
2750, 10849, 10856, 10863
2751, 10864, 10870, 10877
2752, 10878, 10885, 10892
2753, 10893, 10900, 10906
2754, 10907, 10914, 10921
2755, 10922, 10929, 10936
2756, 10937, 10944, 10950
2757, 10951, 10958, 10965
2758, 10966, 10973, 10980
2759, 10981, 10988, 10994
2760, 10995, 11002, 11009
2761, 11010, 11017, 11024
2762, 11025, 11032, 11038
2763, 11039, 11046, 11053
2764, 11054, 11061, 11068
2765, 11069, 11076, 11083
2766, 11084, 11091, 11098
2767, 11099, 11106, 11112
2768, 11113, 11120, 11127
2769, 11128, 11135, 11142
2770, 11143, 11150, 11157
2771, 11158, 11165, 11172
2772, 11173, 11180, 11187
2773, 11188, 11195, 11202
2774, 11203, 11210, 11217
2775, 11218, 11225, 11232
2776, 11233, 11240, 11247
2777, 11248, 11255, 11262
2778, 11263, 11270, 11277
2779, 11278, 11285, 11292
2780, 11293, 11300, 11307
2781, 11308, 11315, 11322
2782, 11323, 11330, 11337
2783, 11338, 11346, 11353
2784, 11354, 11361, 11368
2785, 11369, 11376, 11383
2786, 11384, 11391, 11398
2787, 11399, 11406, 11413
2788, 11414, 11422, 11429
2789, 11430, 11437, 11444
2790, 11445, 11452, 11459
2791, 11460, 11468, 11475
2792, 11476, 11483, 11490
2793, 11491, 11498, 11505
2794, 11506, 11514, 11521
2795, 11522, 11529, 11536
2796, 11537, 11544, 11551
2797, 11552, 11560, 11567
2798, 11568, 11575, 11582
2799, 11583, 11590, 11598
2800, 11599, 11606, 11613
2801, 11614, 11622, 11629
2802, 11630, 11637, 11644
2803, 11645, 11652, 11660
2804, 11661, 11668, 11676
2805, 11677, 11684, 11691
2806, 11692, 11700, 11707
2807, 11708, 11716, 11723
2808, 11724, 11731, 11738
2809, 11739, 11746, 11754
2810, 11755, 11762, 11770
2811, 11771, 11778, 11785
2812, 11786, 11794, 11801
2813, 11802, 11810, 11817
2814, 11818, 11826, 11833
2815, 11834, 11842, 11849
2816, 11850, 11857, 11864
2817, 11865, 11872, 11880
2818, 11881, 11888, 11896
2819, 11897, 11904, 11912
2820, 11913, 11920, 11928
2821, 11929, 11936, 11944
2822, 11945, 11952, 11960
2823, 11961, 11968, 11976
2824, 11977, 11984, 11992
2825, 11993, 12000, 12008
2826, 12009, 12016, 12024
2827, 12025, 12032, 12040
2828, 12041, 12048, 12056
2829, 12057, 12064, 12072
2830, 12073, 12080, 12088
2831, 12089, 12097, 12105
2832, 12106, 12114, 12121
2833, 12122, 12130, 12137
2834, 12138, 12146, 12153
2835, 12154, 12162, 12169
2836, 12170, 12178, 12186
2837, 12187, 12194, 12202
2838, 12203, 12210, 12218
2839, 12219, 12227, 12235
2840, 12236, 12244, 12251
2841, 12252, 12260, 12267
2842, 12268, 12276, 12284
2843, 12285, 12292, 12300
2844, 12301, 12309, 12317
2845, 12318, 12326, 12333
2846, 12334, 12342, 12350
2847, 12351, 12358, 12366
2848, 12367, 12375, 12383
2849, 12384, 12392, 12399
2850, 12400, 12408, 12416
2851, 12417, 12424, 12432
2852, 12433, 12441, 12449
2853, 12450, 12458, 12466
2854, 12467, 12474, 12482
2855, 12483, 12491, 12499
2856, 12500, 12508, 12516
2857, 12517, 12525, 12533
2858, 12534, 12542, 12549
2859, 12550, 12558, 12566
2860, 12567, 12575, 12583
2861, 12584, 12592, 12600
2862, 12601, 12609, 12617
2863, 12618, 12626, 12633
2864, 12634, 12642, 12650
2865, 12651, 12659, 12667
2866, 12668, 12676, 12684
2867, 12685, 12693, 12701
2868, 12702, 12710, 12718
2869, 12719, 12727, 12735
2870, 12736, 12744, 12752
2871, 12753, 12761, 12769
2872, 12770, 12778, 12786
2873, 12787, 12795, 12803
2874, 12804, 12812, 12820
2875, 12821, 12830, 12838
2876, 12839, 12847, 12855
2877, 12856, 12864, 12872
2878, 12873, 12881, 12889
2879, 12890, 12898, 12906
2880, 12907, 12916, 12924
2881, 12925, 12933, 12941
2882, 12942, 12950, 12958
2883, 12959, 12968, 12976
2884, 12977, 12985, 12993
2885, 12994, 13002, 13010
2886, 13011, 13020, 13028
2887, 13029, 13037, 13045
2888, 13046, 13054, 13063
2889, 13064, 13072, 13080
2890, 13081, 13090, 13098
2891, 13099, 13107, 13115
2892, 13116, 13124, 13133
2893, 13134, 13142, 13150
2894, 13151, 13160, 13168
2895, 13169, 13177, 13185
2896, 13186, 13194, 13203
2897, 13204, 13212, 13221
2898, 13222, 13230, 13238
2899, 13239, 13248, 13256
2900, 13257, 13266, 13274
2901, 13275, 13283, 13291
2902, 13292, 13300, 13309
2903, 13310, 13318, 13327
2904, 13328, 13336, 13345
2905, 13346, 13354, 13363
2906, 13364, 13372, 13381
2907, 13382, 13390, 13398
2908, 13399, 13408, 13416
2909, 13417, 13426, 13434
2910, 13435, 13444, 13452
2911, 13453, 13462, 13470
2912, 13471, 13480, 13488
2913, 13489, 13498, 13506
2914, 13507, 13516, 13524
2915, 13525, 13534, 13542
2916, 13543, 13552, 13561
2917, 13562, 13570, 13579
2918, 13580, 13588, 13597
2919, 13598, 13606, 13615
2920, 13616, 13624, 13633
2921, 13634, 13642, 13651
2922, 13652, 13661, 13670
2923, 13671, 13680, 13688
2924, 13689, 13698, 13706
2925, 13707, 13716, 13725
2926, 13726, 13734, 13743
2927, 13744, 13752, 13761
2928, 13762, 13771, 13780
2929, 13781, 13790, 13798
2930, 13799, 13808, 13817
2931, 13818, 13826, 13835
2932, 13836, 13845, 13854
2933, 13855, 13864, 13872
2934, 13873, 13882, 13891
2935, 13892, 13900, 13909
2936, 13910, 13919, 13928
2937, 13929, 13938, 13946
2938, 13947, 13956, 13965
2939, 13966, 13975, 13984
2940, 13985, 13994, 14002
2941, 14003, 14012, 14021
2942, 14022, 14031, 14040
2943, 14041, 14050, 14059
2944, 14060, 14069, 14078
2945, 14079, 14088, 14096
2946, 14097, 14106, 14115
2947, 14116, 14125, 14134
2948, 14135, 14144, 14153
2949, 14154, 14163, 14172
2950, 14173, 14182, 14191
2951, 14192, 14201, 14210
2952, 14211, 14220, 14229
2953, 14230, 14239, 14248
2954, 14249, 14258, 14267
2955, 14268, 14277, 14286
2956, 14287, 14296, 14305
2957, 14306, 14315, 14324
2958, 14325, 14334, 14343
2959, 14344, 14354, 14363
2960, 14364, 14373, 14382
2961, 14383, 14392, 14401
2962, 14402, 14411, 14420
2963, 14421, 14430, 14440
2964, 14441, 14450, 14459
2965, 14460, 14469, 14478
2966, 14479, 14488, 14498
2967, 14499, 14508, 14517
2968, 14518, 14527, 14536
2969, 14537, 14546, 14556
2970, 14557, 14566, 14575
2971, 14576, 14586, 14595
2972, 14596, 14605, 14614
2973, 14615, 14624, 14634
2974, 14635, 14644, 14653
2975, 14654, 14664, 14673
2976, 14674, 14684, 14693
2977, 14694, 14703, 14712
2978, 14713, 14722, 14732
2979, 14733, 14742, 14752
2980, 14753, 14762, 14771
2981, 14772, 14782, 14791
2982, 14792, 14802, 14811
2983, 14812, 14822, 14831
2984, 14832, 14841, 14850
2985, 14851, 14860, 14870
2986, 14871, 14880, 14890
2987, 14891, 14900, 14910
2988, 14911, 14920, 14930
2989, 14931, 14940, 14950
2990, 14951, 14960, 14970
2991, 14971, 14980, 14990
2992, 14991, 15000, 15010
2993, 15011, 15020, 15030
2994, 15031, 15040, 15050
2995, 15051, 15060, 15070
2996, 15071, 15080, 15090
2997, 15091, 15101, 15111
2998, 15112, 15122, 15131
2999, 15132, 15142, 15151
3000, 15152, 15162, 15171
3001, 15172, 15182, 15192
3002, 15193, 15202, 15212
3003, 15213, 15222, 15232
3004, 15233, 15243, 15253
3005, 15254, 15264, 15273
3006, 15274, 15284, 15293
3007, 15294, 15304, 15314
3008, 15315, 15324, 15334
3009, 15335, 15345, 15355
3010, 15356, 15366, 15375
3011, 15376, 15386, 15396
3012, 15397, 15407, 15417
3013, 15418, 15428, 15437
3014, 15438, 15448, 15458
3015, 15459, 15469, 15479
3016, 15480, 15490, 15499
3017, 15500, 15510, 15520
3018, 15521, 15531, 15541
3019, 15542, 15552, 15561
3020, 15562, 15572, 15582
3021, 15583, 15593, 15603
3022, 15604, 15614, 15624
3023, 15625, 15635, 15645
3024, 15646, 15656, 15666
3025, 15667, 15677, 15687
3026, 15688, 15698, 15708
3027, 15709, 15719, 15729
3028, 15730, 15740, 15750
3029, 15751, 15761, 15771
3030, 15772, 15782, 15792
3031, 15793, 15803, 15813
3032, 15814, 15824, 15834
3033, 15835, 15845, 15855
3034, 15856, 15866, 15877
3035, 15878, 15888, 15898
3036, 15899, 15909, 15919
3037, 15920, 15930, 15940
3038, 15941, 15952, 15962
3039, 15963, 15973, 15983
3040, 15984, 15994, 16004
3041, 16005, 16016, 16026
3042, 16027, 16037, 16047
3043, 16048, 16058, 16069
3044, 16070, 16080, 16090
3045, 16091, 16102, 16112
3046, 16113, 16123, 16133
3047, 16134, 16144, 16155
3048, 16156, 16166, 16176
3049, 16177, 16188, 16198
3050, 16199, 16210, 16220
3051, 16221, 16231, 16241
3052, 16242, 16252, 16263
3053, 16264, 16274, 16285
3054, 16286, 16296, 16307
3055, 16308, 16318, 16328
3056, 16329, 16340, 16350
3057, 16351, 16362, 16372
3058, 16373, 16384, 16394
3059, 16395, 16406, 16416
3060, 16417, 16428, 16438
3061, 16439, 16450, 16460
3062, 16461, 16472, 16482
3063, 16483, 16494, 16504
3064, 16505, 16516, 16526
3065, 16527, 16538, 16548
3066, 16549, 16560, 16570
3067, 16571, 16582, 16592
3068, 16593, 16604, 16614
3069, 16615, 16626, 16637
3070, 16638, 16648, 16659
3071, 16660, 16670, 16681
3072, 16682, 16693, 16704
3073, 16705, 16716, 16726
3074, 16727, 16738, 16748
3075, 16749, 16760, 16771
3076, 16772, 16782, 16793
3077, 16794, 16804, 16815
3078, 16816, 16827, 16838
3079, 16839, 16850, 16860
3080, 16861, 16872, 16883
3081, 16884, 16895, 16906
3082, 16907, 16918, 16928
3083, 16929, 16940, 16951
3084, 16952, 16963, 16974
3085, 16975, 16986, 16996
3086, 16997, 17008, 17019
3087, 17020, 17031, 17042
3088, 17043, 17054, 17064
3089, 17065, 17076, 17087
3090, 17088, 17099, 17110
3091, 17111, 17122, 17133
3092, 17134, 17145, 17156
3093, 17157, 17168, 17179
3094, 17180, 17191, 17202
3095, 17203, 17214, 17225
3096, 17226, 17237, 17248
3097, 17249, 17260, 17271
3098, 17272, 17283, 17294
3099, 17295, 17306, 17317
3100, 17318, 17329, 17340
3101, 17341, 17352, 17364
3102, 17365, 17376, 17387
3103, 17388, 17399, 17410
3104, 17411, 17422, 17433
3105, 17434, 17446, 17457
3106, 17458, 17469, 17480
3107, 17481, 17492, 17503
3108, 17504, 17516, 17527
3109, 17528, 17539, 17550
3110, 17551, 17562, 17574
3111, 17575, 17586, 17597
3112, 17598, 17610, 17621
3113, 17622, 17633, 17644
3114, 17645, 17656, 17668
3115, 17669, 17680, 17691
3116, 17692, 17704, 17715
3117, 17716, 17728, 17739
3118, 17740, 17751, 17762
3119, 17763, 17774, 17786
3120, 17787, 17798, 17810
3121, 17811, 17822, 17834
3122, 17835, 17846, 17858
3123, 17859, 17870, 17882
3124, 17883, 17894, 17905
3125, 17906, 17918, 17929
3126, 17930, 17942, 17953
3127, 17954, 17966, 17977
3128, 17978, 17990, 18001
3129, 18002, 18014, 18025
3130, 18026, 18038, 18050
3131, 18051, 18062, 18074
3132, 18075, 18086, 18098
3133, 18099, 18110, 18122
3134, 18123, 18134, 18146
3135, 18147, 18159, 18171
3136, 18172, 18184, 18195
3137, 18196, 18208, 18219
3138, 18220, 18232, 18244
3139, 18245, 18256, 18268
3140, 18269, 18280, 18292
3141, 18293, 18305, 18317
3142, 18318, 18330, 18341
3143, 18342, 18354, 18366
3144, 18367, 18378, 18390
3145, 18391, 18403, 18415
3146, 18416, 18428, 18440
3147, 18441, 18452, 18464
3148, 18465, 18477, 18489
3149, 18490, 18502, 18514
3150, 18515, 18526, 18538
3151, 18539, 18551, 18563
3152, 18564, 18576, 18588
3153, 18589, 18601, 18613
3154, 18614, 18626, 18638
3155, 18639, 18651, 18663
3156, 18664, 18676, 18688
3157, 18689, 18701, 18713
3158, 18714, 18726, 18738
3159, 18739, 18751, 18763
3160, 18764, 18776, 18788
3161, 18789, 18801, 18813
3162, 18814, 18826, 18838
3163, 18839, 18851, 18863
3164, 18864, 18876, 18889
3165, 18890, 18902, 18914
3166, 18915, 18927, 18939
3167, 18940, 18952, 18964
3168, 18965, 18978, 18990
3169, 18991, 19003, 19015
3170, 19016, 19028, 19041
3171, 19042, 19054, 19066
3172, 19067, 19080, 19092
3173, 19093, 19105, 19117
3174, 19118, 19130, 19143
3175, 19144, 19156, 19168
3176, 19169, 19182, 19194
3177, 19195, 19207, 19219
3178, 19220, 19232, 19245
3179, 19246, 19258, 19271
3180, 19272, 19284, 19297
3181, 19298, 19310, 19322
3182, 19323, 19336, 19348
3183, 19349, 19362, 19374
3184, 19375, 19388, 19400
3185, 19401, 19414, 19426
3186, 19427, 19440, 19452
3187, 19453, 19466, 19478
3188, 19479, 19492, 19504
3189, 19505, 19518, 19530
3190, 19531, 19544, 19556
3191, 19557, 19570, 19582
3192, 19583, 19596, 19609
3193, 19610, 19622, 19635
3194, 19636, 19648, 19661
3195, 19662, 19674, 19687
3196, 19688, 19701, 19714
3197, 19715, 19728, 19740
3198, 19741, 19754, 19766
3199, 19767, 19780, 19793
3200, 19794, 19806, 19819
3201, 19820, 19833, 19846
3202, 19847, 19860, 19872
3203, 19873, 19886, 19899
3204, 19900, 19913, 19926
3205, 19927, 19940, 19952
3206, 19953, 19966, 19979
3207, 19980, 19993, 20006
3208, 20007, 20020, 20032
3209, 20033, 20046, 20059
3210, 20060, 20073, 20086
3211, 20087, 20100, 20113
3212, 20114, 20127, 20140
3213, 20141, 20154, 20167
3214, 20168, 20181, 20194
3215, 20195, 20208, 20221
3216, 20222, 20235, 20248
3217, 20249, 20262, 20275
3218, 20276, 20289, 20302
3219, 20303, 20316, 20329
3220, 20330, 20343, 20356
3221, 20357, 20370, 20383
3222, 20384, 20398, 20411
3223, 20412, 20425, 20438
3224, 20439, 20452, 20465
3225, 20466, 20480, 20493
3226, 20494, 20507, 20520
3227, 20521, 20534, 20547
3228, 20548, 20562, 20575
3229, 20576, 20589, 20602
3230, 20603, 20616, 20630
3231, 20631, 20644, 20658
3232, 20659, 20672, 20685
3233, 20686, 20700, 20713
3234, 20714, 20728, 20741
3235, 20742, 20755, 20768
3236, 20769, 20782, 20796
3237, 20797, 20810, 20824
3238, 20825, 20838, 20852
3239, 20853, 20866, 20880
3240, 20881, 20894, 20907
3241, 20908, 20922, 20935
3242, 20936, 20950, 20963
3243, 20964, 20978, 20991
3244, 20992, 21006, 21020
3245, 21021, 21034, 21048
3246, 21049, 21062, 21076
3247, 21077, 21090, 21104
3248, 21105, 21118, 21132
3249, 21133, 21146, 21160
3250, 21161, 21175, 21189
3251, 21190, 21204, 21217
3252, 21218, 21232, 21245
3253, 21246, 21260, 21274
3254, 21275, 21288, 21302
3255, 21303, 21317, 21331
3256, 21332, 21346, 21359
3257, 21360, 21374, 21388
3258, 21389, 21402, 21416
3259, 21417, 21431, 21445
3260, 21446, 21460, 21474
3261, 21475, 21488, 21502
3262, 21503, 21517, 21531
3263, 21532, 21546, 21560
3264, 21561, 21575, 21589
3265, 21590, 21604, 21618
3266, 21619, 21633, 21647
3267, 21648, 21662, 21676
3268, 21677, 21691, 21705
3269, 21706, 21720, 21734
3270, 21735, 21749, 21763
3271, 21764, 21778, 21792
3272, 21793, 21807, 21821
3273, 21822, 21836, 21850
3274, 21851, 21865, 21879
3275, 21880, 21894, 21909
3276, 21910, 21924, 21938
3277, 21939, 21953, 21967
3278, 21968, 21982, 21997
3279, 21998, 22012, 22026
3280, 22027, 22041, 22055
3281, 22056, 22070, 22085
3282, 22086, 22100, 22114
3283, 22115, 22130, 22144
3284, 22145, 22160, 22174
3285, 22175, 22189, 22203
3286, 22204, 22218, 22233
3287, 22234, 22248, 22263
3288, 22264, 22278, 22292
3289, 22293, 22308, 22322
3290, 22323, 22338, 22352
3291, 22353, 22368, 22382
3292, 22383, 22398, 22412
3293, 22413, 22428, 22442
3294, 22443, 22458, 22472
3295, 22473, 22488, 22502
3296, 22503, 22518, 22532
3297, 22533, 22548, 22562
3298, 22563, 22578, 22592
3299, 22593, 22608, 22623
3300, 22624, 22638, 22653
3301, 22654, 22668, 22683
3302, 22684, 22698, 22713
3303, 22714, 22729, 22744
3304, 22745, 22760, 22774
3305, 22775, 22790, 22805
3306, 22806, 22820, 22835
3307, 22836, 22851, 22866
3308, 22867, 22882, 22896
3309, 22897, 22912, 22927
3310, 22928, 22942, 22957
3311, 22958, 22973, 22988
3312, 22989, 23004, 23019
3313, 23020, 23035, 23050
3314, 23051, 23066, 23081
3315, 23082, 23096, 23111
3316, 23112, 23127, 23142
3317, 23143, 23158, 23173
3318, 23174, 23189, 23204
3319, 23205, 23220, 23235
3320, 23236, 23251, 23266
3321, 23267, 23282, 23297
3322, 23298, 23314, 23329
3323, 23330, 23345, 23360
3324, 23361, 23376, 23391
3325, 23392, 23407, 23422
3326, 23423, 23438, 23454
3327, 23455, 23470, 23485
3328, 23486, 23501, 23516
3329, 23517, 23532, 23548
3330, 23549, 23564, 23579
3331, 23580, 23596, 23611
3332, 23612, 23627, 23642
3333, 23643, 23658, 23674
3334, 23675, 23690, 23706
3335, 23707, 23722, 23737
3336, 23738, 23754, 23769
3337, 23770, 23786, 23801
3338, 23802, 23818, 23833
3339, 23834, 23850, 23865
3340, 23866, 23881, 23896
3341, 23897, 23912, 23928
3342, 23929, 23944, 23960
3343, 23961, 23976, 23992
3344, 23993, 24009, 24025
3345, 24026, 24042, 24057
3346, 24058, 24074, 24089
3347, 24090, 24106, 24121
3348, 24122, 24138, 24153
3349, 24154, 24170, 24186
3350, 24187, 24202, 24218
3351, 24219, 24234, 24250
3352, 24251, 24267, 24283
3353, 24284, 24300, 24315
3354, 24316, 24332, 24348
3355, 24349, 24364, 24380
3356, 24381, 24397, 24413
3357, 24414, 24430, 24446
3358, 24447, 24462, 24478
3359, 24479, 24495, 24511
3360, 24512, 24528, 24544
3361, 24545, 24561, 24577
3362, 24578, 24594, 24609
3363, 24610, 24626, 24642
3364, 24643, 24659, 24675
3365, 24676, 24692, 24708
3366, 24709, 24725, 24741
3367, 24742, 24758, 24774
3368, 24775, 24791, 24807
3369, 24808, 24824, 24841
3370, 24842, 24858, 24874
3371, 24875, 24891, 24907
3372, 24908, 24924, 24940
3373, 24941, 24958, 24974
3374, 24975, 24991, 25007
3375, 25008, 25024, 25041
3376, 25042, 25058, 25074
3377, 25075, 25092, 25108
3378, 25109, 25125, 25141
3379, 25142, 25158, 25175
3380, 25176, 25192, 25208
3381, 25209, 25226, 25242
3382, 25243, 25260, 25276
3383, 25277, 25294, 25310
3384, 25311, 25328, 25344
3385, 25345, 25361, 25377
3386, 25378, 25394, 25411
3387, 25412, 25428, 25445
3388, 25446, 25462, 25479
3389, 25480, 25496, 25513
3390, 25514, 25531, 25548
3391, 25549, 25566, 25582
3392, 25583, 25600, 25616
3393, 25617, 25634, 25650
3394, 25651, 25668, 25684
3395, 25685, 25702, 25719
3396, 25720, 25736, 25753
3397, 25754, 25771, 25788
3398, 25789, 25806, 25822
3399, 25823, 25840, 25857
3400, 25858, 25874, 25891
3401, 25892, 25909, 25926
3402, 25927, 25944, 25961
3403, 25962, 25978, 25995
3404, 25996, 26013, 26030
3405, 26031, 26048, 26065
3406, 26066, 26083, 26100
3407, 26101, 26118, 26135
3408, 26136, 26152, 26169
3409, 26170, 26187, 26204
3410, 26205, 26222, 26240
3411, 26241, 26258, 26275
3412, 26276, 26293, 26310
3413, 26311, 26328, 26345
3414, 26346, 26363, 26380
3415, 26381, 26398, 26415
3416, 26416, 26434, 26451
3417, 26452, 26469, 26486
3418, 26487, 26504, 26522
3419, 26523, 26540, 26557
3420, 26558, 26575, 26592
3421, 26593, 26610, 26628
3422, 26629, 26646, 26664
3423, 26665, 26682, 26699
3424, 26700, 26718, 26735
3425, 26736, 26754, 26771
3426, 26772, 26790, 26807
3427, 26808, 26825, 26842
3428, 26843, 26860, 26878
3429, 26879, 26896, 26914
3430, 26915, 26932, 26950
3431, 26951, 26968, 26986
3432, 26987, 27004, 27022
3433, 27023, 27040, 27058
3434, 27059, 27077, 27095
3435, 27096, 27114, 27131
3436, 27132, 27150, 27167
3437, 27168, 27186, 27203
3438, 27204, 27222, 27240
3439, 27241, 27258, 27276
3440, 27277, 27295, 27313
3441, 27314, 27332, 27349
3442, 27350, 27368, 27386
3443, 27387, 27404, 27422
3444, 27423, 27441, 27459
3445, 27460, 27478, 27496
3446, 27497, 27515, 27533
3447, 27534, 27552, 27569
3448, 27570, 27588, 27606
3449, 27607, 27625, 27643
3450, 27644, 27662, 27680
3451, 27681, 27699, 27717
3452, 27718, 27736, 27754
3453, 27755, 27773, 27791
3454, 27792, 27810, 27829
3455, 27830, 27848, 27866
3456, 27867, 27885, 27903
3457, 27904, 27922, 27940
3458, 27941, 27960, 27978
3459, 27979, 27997, 28015
3460, 28016, 28034, 28053
3461, 28054, 28072, 28090
3462, 28091, 28110, 28128
3463, 28129, 28147, 28165
3464, 28166, 28184, 28203
3465, 28204, 28222, 28241
3466, 28242, 28260, 28278
3467, 28279, 28298, 28316
3468, 28317, 28336, 28354
3469, 28355, 28374, 28392
3470, 28393, 28412, 28430
3471, 28431, 28450, 28468
3472, 28469, 28488, 28506
3473, 28507, 28526, 28544
3474, 28545, 28564, 28582
3475, 28583, 28602, 28620
3476, 28621, 28640, 28659
3477, 28660, 28678, 28697
3478, 28698, 28716, 28735
3479, 28736, 28755, 28774
3480, 28775, 28794, 28812
3481, 28813, 28832, 28851
3482, 28852, 28870, 28889
3483, 28890, 28909, 28928
3484, 28929, 28948, 28967
3485, 28968, 28986, 29005
3486, 29006, 29025, 29044
3487, 29045, 29064, 29083
3488, 29084, 29103, 29122
3489, 29123, 29142, 29161
3490, 29162, 29181, 29200
3491, 29201, 29220, 29239
3492, 29240, 29259, 29278
3493, 29279, 29298, 29317
3494, 29318, 29337, 29356
3495, 29357, 29376, 29396
3496, 29397, 29416, 29435
3497, 29436, 29455, 29474
3498, 29475, 29494, 29514
3499, 29515, 29534, 29553
3500, 29554, 29574, 29593
3501, 29594, 29613, 29632
3502, 29633, 29652, 29672
3503, 29673, 29692, 29712
3504, 29713, 29732, 29751
3505, 29752, 29772, 29791
3506, 29792, 29812, 29831
3507, 29832, 29852, 29871
3508, 29872, 29892, 29911
3509, 29912, 29932, 29951
3510, 29952, 29972, 29991
3511, 29992, 30012, 30031
3512, 30032, 30052, 30071
3513, 30072, 30092, 30111
3514, 30112, 30132, 30151
3515, 30152, 30172, 30192
3516, 30193, 30212, 30232
3517, 30233, 30253, 30273
3518, 30274, 30294, 30313
3519, 30314, 30334, 30354
3520, 30355, 30374, 30394
3521, 30395, 30415, 30435
3522, 30436, 30456, 30476
3523, 30477, 30496, 30516
3524, 30517, 30537, 30557
3525, 30558, 30578, 30598
3526, 30599, 30619, 30639
3527, 30640, 30660, 30680
3528, 30681, 30701, 30721
3529, 30722, 30742, 30762
3530, 30763, 30783, 30803
3531, 30804, 30824, 30844
3532, 30845, 30865, 30885
3533, 30886, 30906, 30927
3534, 30928, 30948, 30968
3535, 30969, 30990, 31010
3536, 31011, 31031, 31051
3537, 31052, 31072, 31093
3538, 31094, 31114, 31134
3539, 31135, 31156, 31176
3540, 31177, 31197, 31217
3541, 31218, 31238, 31259
3542, 31260, 31280, 31301
3543, 31302, 31322, 31343
3544, 31344, 31364, 31385
3545, 31386, 31406, 31427
3546, 31428, 31448, 31469
3547, 31470, 31490, 31511
3548, 31512, 31532, 31553
3549, 31554, 31574, 31595
3550, 31596, 31616, 31637
3551, 31638, 31659, 31680
3552, 31681, 31702, 31722
3553, 31723, 31744, 31764
3554, 31765, 31786, 31807
3555, 31808, 31828, 31849
3556, 31850, 31871, 31892
3557, 31893, 31914, 31935
3558, 31936, 31956, 31977
3559, 31978, 31999, 32020
3560, 32021, 32042, 32063
3561, 32064, 32085, 32106
3562, 32107, 32128, 32149
3563, 32150, 32171, 32192
3564, 32193, 32214, 32235
3565, 32236, 32257, 32278
3566, 32279, 32300, 32321
3567, 32322, 32343, 32364
3568, 32365, 32386, 32408
3569, 32409, 32430, 32451
3570, 32452, 32473, 32494
3571, 32495, 32516, 32538
3572, 32539, 32560, 32581
3573, 32582, 32604, 32625
3574, 32626, 32647, 32668
3575, 32669, 32690, 32712
3576, 32713, 32734, 32756
3577, 32757, 32778, 32800
3578, 32801, 32822, 32843
3579, 32844, 32866, 32887
3580, 32888, 32910, 32931
3581, 32932, 32954, 32975
3582, 32976, 32998, 33019
3583, 33020, 33042, 33064
3584, 33065, 33086, 33108
3585, 33109, 33130, 33152
3586, 33153, 33174, 33196
3587, 33197, 33219, 33241
3588, 33242, 33264, 33285
3589, 33286, 33308, 33330
3590, 33331, 33352, 33374
3591, 33375, 33397, 33419
3592, 33420, 33442, 33464
3593, 33465, 33486, 33508
3594, 33509, 33531, 33553
3595, 33554, 33576, 33598
3596, 33599, 33621, 33643
3597, 33644, 33666, 33688
3598, 33689, 33711, 33733
3599, 33734, 33756, 33778
3600, 33779, 33801, 33823
3601, 33824, 33846, 33869
3602, 33870, 33892, 33914
3603, 33915, 33937, 33959
3604, 33960, 33982, 34005
3605, 34006, 34028, 34050
3606, 34051, 34074, 34096
3607, 34097, 34119, 34141
3608, 34142, 34164, 34187
3609, 34188, 34210, 34233
3610, 34234, 34256, 34278
3611, 34279, 34302, 34324
3612, 34325, 34348, 34370
3613, 34371, 34394, 34416
3614, 34417, 34440, 34462
3615, 34463, 34486, 34508
3616, 34509, 34532, 34554
3617, 34555, 34578, 34600
3618, 34601, 34624, 34647
3619, 34648, 34670, 34693
3620, 34694, 34716, 34739
3621, 34740, 34763, 34786
3622, 34787, 34810, 34832
3623, 34833, 34856, 34879
3624, 34880, 34903, 34926
3625, 34927, 34950, 34972
3626, 34973, 34996, 35019
3627, 35020, 35043, 35066
3628, 35067, 35090, 35113
3629, 35114, 35137, 35160
3630, 35161, 35184, 35207
3631, 35208, 35231, 35254
3632, 35255, 35278, 35301
3633, 35302, 35325, 35348
3634, 35349, 35372, 35395
3635, 35396, 35420, 35443
3636, 35444, 35467, 35490
3637, 35491, 35514, 35538
3638, 35539, 35562, 35585
3639, 35586, 35610, 35633
3640, 35634, 35657, 35680
3641, 35681, 35704, 35728
3642, 35729, 35752, 35776
3643, 35777, 35800, 35824
3644, 35825, 35848, 35872
3645, 35873, 35896, 35919
3646, 35920, 35944, 35967
3647, 35968, 35992, 36016
3648, 36017, 36040, 36064
3649, 36065, 36088, 36112
3650, 36113, 36136, 36160
3651, 36161, 36185, 36209
3652, 36210, 36234, 36257
3653, 36258, 36282, 36305
3654, 36306, 36330, 36354
3655, 36355, 36379, 36403
3656, 36404, 36428, 36451
3657, 36452, 36476, 36500
3658, 36501, 36525, 36549
3659, 36550, 36574, 36598
3660, 36599, 36623, 36647
3661, 36648, 36672, 36696
3662, 36697, 36721, 36745
3663, 36746, 36770, 36794
3664, 36795, 36819, 36843
3665, 36844, 36868, 36892
3666, 36893, 36918, 36942
3667, 36943, 36967, 36991
3668, 36992, 37016, 37041
3669, 37042, 37066, 37090
3670, 37091, 37116, 37140
3671, 37141, 37165, 37189
3672, 37190, 37214, 37239
3673, 37240, 37264, 37289
3674, 37290, 37314, 37339
3675, 37340, 37364, 37389
3676, 37390, 37414, 37439
3677, 37440, 37464, 37489
3678, 37490, 37514, 37539
3679, 37540, 37564, 37589
3680, 37590, 37614, 37639
3681, 37640, 37665, 37690
3682, 37691, 37716, 37740
3683, 37741, 37766, 37790
3684, 37791, 37816, 37841
3685, 37842, 37867, 37892
3686, 37893, 37918, 37942
3687, 37943, 37968, 37993
3688, 37994, 38019, 38044
3689, 38045, 38070, 38095
3690, 38096, 38121, 38146
3691, 38147, 38172, 38197
3692, 38198, 38223, 38248
3693, 38249, 38274, 38299
3694, 38300, 38325, 38350
3695, 38351, 38376, 38401
3696, 38402, 38428, 38453
3697, 38454, 38479, 38504
3698, 38505, 38530, 38556
3699, 38557, 38582, 38607
3700, 38608, 38634, 38659
3701, 38660, 38685, 38710
3702, 38711, 38736, 38762
3703, 38763, 38788, 38814
3704, 38815, 38840, 38866
3705, 38867, 38892, 38918
3706, 38919, 38944, 38970
3707, 38971, 38996, 39022
3708, 39023, 39048, 39074
3709, 39075, 39100, 39126
3710, 39127, 39153, 39179
3711, 39180, 39206, 39231
3712, 39232, 39258, 39284
3713, 39285, 39310, 39336
3714, 39337, 39363, 39389
3715, 39390, 39416, 39441
3716, 39442, 39468, 39494
3717, 39495, 39521, 39547
3718, 39548, 39574, 39600
3719, 39601, 39627, 39653
3720, 39654, 39680, 39706
3721, 39707, 39733, 39759
3722, 39760, 39786, 39812
3723, 39813, 39839, 39865
3724, 39866, 39892, 39919
3725, 39920, 39946, 39972
3726, 39973, 39999, 40025
3727, 40026, 40052, 40079
3728, 40080, 40106, 40132
3729, 40133, 40160, 40186
3730, 40187, 40214, 40240
3731, 40241, 40268, 40294
3732, 40295, 40322, 40348
3733, 40349, 40375, 40401
3734, 40402, 40429, 40456
3735, 40457, 40484, 40510
3736, 40511, 40538, 40564
3737, 40565, 40592, 40618
3738, 40619, 40646, 40672
3739, 40673, 40700, 40727
3740, 40728, 40754, 40781
3741, 40782, 40809, 40836
3742, 40837, 40864, 40890
3743, 40891, 40918, 40945
3744, 40946, 40973, 41000
3745, 41001, 41028, 41055
3746, 41056, 41082, 41109
3747, 41110, 41137, 41164
3748, 41165, 41192, 41219
3749, 41220, 41248, 41275
3750, 41276, 41303, 41330
3751, 41331, 41358, 41385
3752, 41386, 41413, 41440
3753, 41441, 41468, 41496
3754, 41497, 41524, 41551
3755, 41552, 41580, 41607
3756, 41608, 41635, 41662
3757, 41663, 41690, 41718
3758, 41719, 41746, 41774
3759, 41775, 41802, 41830
3760, 41831, 41858, 41886
3761, 41887, 41914, 41942
3762, 41943, 41970, 41998
3763, 41999, 42026, 42054
3764, 42055, 42082, 42110
3765, 42111, 42138, 42166
3766, 42167, 42195, 42223
3767, 42224, 42252, 42279
3768, 42280, 42308, 42336
3769, 42337, 42364, 42392
3770, 42393, 42421, 42449
3771, 42450, 42478, 42506
3772, 42507, 42535, 42563
3773, 42564, 42592, 42620
3774, 42621, 42649, 42677
3775, 42678, 42706, 42734
3776, 42735, 42763, 42791
3777, 42792, 42820, 42848
3778, 42849, 42877, 42905
3779, 42906, 42934, 42963
3780, 42964, 42992, 43020
3781, 43021, 43050, 43078
3782, 43079, 43107, 43135
3783, 43136, 43164, 43193
3784, 43194, 43222, 43251
3785, 43252, 43280, 43309
3786, 43310, 43338, 43366
3787, 43367, 43396, 43424
3788, 43425, 43454, 43483
3789, 43484, 43512, 43541
3790, 43542, 43570, 43599
3791, 43600, 43628, 43657
3792, 43658, 43687, 43716
3793, 43717, 43746, 43774
3794, 43775, 43804, 43833
3795, 43834, 43862, 43891
3796, 43892, 43921, 43950
3797, 43951, 43980, 44009
3798, 44010, 44038, 44067
3799, 44068, 44097, 44126
3800, 44127, 44156, 44185
3801, 44186, 44215, 44244
3802, 44245, 44274, 44304
3803, 44305, 44334, 44363
3804, 44364, 44393, 44422
3805, 44423, 44452, 44482
3806, 44483, 44512, 44541
3807, 44542, 44572, 44601
3808, 44602, 44631, 44660
3809, 44661, 44690, 44720
3810, 44721, 44750, 44780
3811, 44781, 44810, 44840
3812, 44841, 44870, 44900
3813, 44901, 44930, 44960
3814, 44961, 44990, 45020
3815, 45021, 45050, 45080
3816, 45081, 45110, 45140
3817, 45141, 45171, 45201
3818, 45202, 45232, 45261
3819, 45262, 45292, 45321
3820, 45322, 45352, 45382
3821, 45383, 45413, 45443
3822, 45444, 45474, 45504
3823, 45505, 45534, 45564
3824, 45565, 45595, 45625
3825, 45626, 45656, 45686
3826, 45687, 45717, 45747
3827, 45748, 45778, 45809
3828, 45810, 45840, 45870
3829, 45871, 45901, 45931
3830, 45932, 45962, 45993
3831, 45994, 46024, 46054
3832, 46055, 46086, 46116
3833, 46117, 46147, 46177
3834, 46178, 46208, 46239
3835, 46240, 46270, 46301
3836, 46302, 46332, 46363
3837, 46364, 46394, 46425
3838, 46426, 46456, 46487
3839, 46488, 46518, 46549
3840, 46550, 46580, 46611
3841, 46612, 46643, 46674
3842, 46675, 46706, 46736
3843, 46737, 46768, 46798
3844, 46799, 46830, 46861
3845, 46862, 46893, 46924
3846, 46925, 46956, 46986
3847, 46987, 47018, 47049
3848, 47050, 47081, 47112
3849, 47113, 47144, 47175
3850, 47176, 47207, 47238
3851, 47239, 47270, 47301
3852, 47302, 47334, 47365
3853, 47366, 47397, 47428
3854, 47429, 47460, 47491
3855, 47492, 47524, 47555
3856, 47556, 47588, 47619
3857, 47620, 47651, 47682
3858, 47683, 47714, 47746
3859, 47747, 47778, 47810
3860, 47811, 47842, 47874
3861, 47875, 47906, 47938
3862, 47939, 47970, 48002
3863, 48003, 48034, 48066
3864, 48067, 48098, 48130
3865, 48131, 48163, 48195
3866, 48196, 48228, 48259
3867, 48260, 48292, 48324
3868, 48325, 48356, 48388
3869, 48389, 48421, 48453
3870, 48454, 48486, 48518
3871, 48519, 48551, 48583
3872, 48584, 48616, 48648
3873, 48649, 48681, 48713
3874, 48714, 48746, 48778
3875, 48779, 48811, 48843
3876, 48844, 48876, 48908
3877, 48909, 48942, 48974
3878, 48975, 49007, 49039
3879, 49040, 49072, 49105
3880, 49106, 49138, 49170
3881, 49171, 49204, 49236
3882, 49237, 49270, 49302
3883, 49303, 49336, 49368
3884, 49369, 49402, 49434
3885, 49435, 49468, 49500
3886, 49501, 49534, 49566
3887, 49567, 49600, 49632
3888, 49633, 49666, 49699
3889, 49700, 49732, 49765
3890, 49766, 49799, 49832
3891, 49833, 49866, 49898
3892, 49899, 49932, 49965
3893, 49966, 49999, 50032
3894, 50033, 50066, 50099
3895, 50100, 50133, 50166
3896, 50167, 50200, 50233
3897, 50234, 50267, 50300
3898, 50301, 50334, 50367
3899, 50368, 50402, 50435
3900, 50436, 50469, 50502
3901, 50503, 50536, 50570
3902, 50571, 50604, 50637
3903, 50638, 50672, 50705
3904, 50706, 50740, 50773
3905, 50774, 50808, 50841
3906, 50842, 50876, 50909
3907, 50910, 50944, 50977
3908, 50978, 51012, 51045
3909, 51046, 51080, 51113
3910, 51114, 51148, 51181
3911, 51182, 51216, 51250
3912, 51251, 51284, 51318
3913, 51319, 51353, 51387
3914, 51388, 51422, 51456
3915, 51457, 51491, 51525
3916, 51526, 51560, 51593
3917, 51594, 51628, 51662
3918, 51663, 51698, 51732
3919, 51733, 51767, 51801
3920, 51802, 51836, 51870
3921, 51871, 51905, 51939
3922, 51940, 51974, 52009
3923, 52010, 52044, 52078
3924, 52079, 52114, 52148
3925, 52149, 52184, 52218
3926, 52219, 52253, 52287
3927, 52288, 52322, 52357
3928, 52358, 52392, 52427
3929, 52428, 52462, 52497
3930, 52498, 52533, 52568
3931, 52569, 52604, 52638
3932, 52639, 52674, 52708
3933, 52709, 52744, 52779
3934, 52780, 52814, 52849
3935, 52850, 52885, 52920
3936, 52921, 52956, 52991
3937, 52992, 53027, 53062
3938, 53063, 53098, 53133
3939, 53134, 53169, 53204
3940, 53205, 53240, 53275
3941, 53276, 53311, 53346
3942, 53347, 53382, 53417
3943, 53418, 53454, 53489
3944, 53490, 53525, 53560
3945, 53561, 53596, 53632
3946, 53633, 53668, 53704
3947, 53705, 53740, 53775
3948, 53776, 53812, 53847
3949, 53848, 53884, 53919
3950, 53920, 53956, 53991
3951, 53992, 54028, 54064
3952, 54065, 54100, 54136
3953, 54137, 54172, 54208
3954, 54209, 54245, 54281
3955, 54282, 54318, 54353
3956, 54354, 54390, 54426
3957, 54427, 54463, 54499
3958, 54500, 54536, 54572
3959, 54573, 54609, 54645
3960, 54646, 54682, 54718
3961, 54719, 54755, 54791
3962, 54792, 54828, 54864
3963, 54865, 54902, 54938
3964, 54939, 54975, 55011
3965, 55012, 55048, 55085
3966, 55086, 55122, 55158
3967, 55159, 55196, 55232
3968, 55233, 55270, 55306
3969, 55307, 55344, 55380
3970, 55381, 55418, 55454
3971, 55455, 55492, 55528
3972, 55529, 55566, 55602
3973, 55603, 55640, 55677
3974, 55678, 55714, 55751
3975, 55752, 55789, 55826
3976, 55827, 55864, 55900
3977, 55901, 55938, 55975
3978, 55976, 56013, 56050
3979, 56051, 56088, 56125
3980, 56126, 56163, 56200
3981, 56201, 56238, 56275
3982, 56276, 56313, 56350
3983, 56351, 56388, 56425
3984, 56426, 56464, 56501
3985, 56502, 56539, 56576
3986, 56577, 56614, 56652
3987, 56653, 56690, 56728
3988, 56729, 56766, 56804
3989, 56805, 56842, 56880
3990, 56881, 56918, 56956
3991, 56957, 56994, 57032
3992, 57033, 57070, 57108
3993, 57109, 57147, 57185
3994, 57186, 57224, 57261
3995, 57262, 57300, 57338
3996, 57339, 57376, 57414
3997, 57415, 57453, 57491
3998, 57492, 57530, 57568
3999, 57569, 57607, 57645
4000, 57646, 57684, 57722
4001, 57723, 57761, 57799
4002, 57800, 57838, 57876
4003, 57877, 57916, 57954
4004, 57955, 57993, 58031
4005, 58032, 58070, 58109
4006, 58110, 58148, 58187
4007, 58188, 58226, 58264
4008, 58265, 58304, 58342
4009, 58343, 58382, 58420
4010, 58421, 58460, 58498
4011, 58499, 58538, 58577
4012, 58578, 58616, 58655
4013, 58656, 58694, 58733
4014, 58734, 58773, 58812
4015, 58813, 58852, 58890
4016, 58891, 58930, 58969
4017, 58970, 59009, 59048
4018, 59049, 59088, 59127
4019, 59128, 59167, 59206
4020, 59207, 59246, 59285
4021, 59286, 59326, 59365
4022, 59366, 59405, 59444
4023, 59445, 59484, 59523
4024, 59524, 59564, 59603
4025, 59604, 59644, 59683
4026, 59684, 59723, 59762
4027, 59763, 59802, 59842
4028, 59843, 59882, 59922
4029, 59923, 59963, 60003
4030, 60004, 60044, 60083
4031, 60084, 60124, 60163
4032, 60164, 60204, 60244
4033, 60245, 60284, 60324
4034, 60325, 60365, 60405
4035, 60406, 60446, 60486
4036, 60487, 60526, 60566
4037, 60567, 60607, 60647
4038, 60648, 60688, 60728
4039, 60729, 60770, 60810
4040, 60811, 60851, 60891
4041, 60892, 60932, 60972
4042, 60973, 61014, 61054
4043, 61055, 61096, 61136
4044, 61137, 61177, 61217
4045, 61218, 61258, 61299
4046, 61300, 61340, 61381
4047, 61382, 61422, 61463
4048, 61464, 61504, 61545
4049, 61546, 61587, 61628
4050, 61629, 61670, 61710
4051, 61711, 61752, 61793
4052, 61794, 61834, 61875
4053, 61876, 61917, 61958
4054, 61959, 62000, 62041
4055, 62042, 62083, 62124
4056, 62125, 62166, 62207
4057, 62208, 62249, 62290
4058, 62291, 62332, 62373
4059, 62374, 62416, 62457
4060, 62458, 62499, 62540
4061, 62541, 62582, 62624
4062, 62625, 62666, 62708
4063, 62709, 62750, 62791
4064, 62792, 62834, 62875
4065, 62876, 62918, 62959
4066, 62960, 63002, 63044
4067, 63045, 63086, 63128
4068, 63129, 63170, 63212
4069, 63213, 63255, 63297
4070, 63298, 63340, 63381
4071, 63382, 63424, 63466
4072, 63467, 63509, 63551
4073, 63552, 63594, 63636
4074, 63637, 63679, 63721
4075, 63722, 63764, 63806
4076, 63807, 63850, 63892
4077, 63893, 63935, 63977
4078, 63978, 64020, 64063
4079, 64064, 64106, 64148
4080, 64149, 64192, 64234
4081, 64235, 64278, 64320
4082, 64321, 64364, 64406
4083, 64407, 64450, 64492
4084, 64493, 64536, 64578
4085, 64579, 64622, 64665
4086, 64666, 64708, 64751
4087, 64752, 64795, 64838
4088, 64839, 64882, 64924
4089, 64925, 64968, 65011
4090, 65012, 65055, 65098
4091, 65099, 65142, 65185
4092, 65186, 65229, 65272
4093, 65273, 65316, 65360
4094, 65361, 65404, 65447
4095, 65448, 65492, 65535
